FJ_XM_bin_1,0,0,0.036521012,0,0,0,0,0,0,0,0,0,0,0,0,0,0,0,0,0,0,0,0,0,0,0,0,0,0,0,0,0,0,0,0,0,0,0,0,0,0,0,0,0,0,0,0,0,2.023853909,3.278920672,2.512887891,3.078893696,1.116963522,0.106353848,0.852633104,1.095395019,0,0,0,0,0,0,0,0,2.802012345,4.859636277,6.491262956,7.192418086,4.929452698,2.924713275,4.247208226,4.601027611,0,0,0,0,0,0,0,0,0.604161176,1.9283216,0.733132501,2.059671808,1.725024385,1.530610137,1.573894784,1.428798891,0,0,0,0,0,0,0,0,
FJ_XM_bin_118,2.809910449,2.302559054,1.882563113,2.170641826,3.879920946,2.286908722,2.658965631,2.812589075,0,0,0,0,0,0,0,0,0,5.511879689,0,0,0,0,0,0,2.144091424,0.750240008,1.661709925,14.07114885,19.4529172,0,1.824081374,0,0,0,0,0,0,0,0,0,0,0,0,0,0,0,0,0,0,0,0,0,0,0,0,0,0,0,0,0,0,0,0,0,10.12067689,28.47935923,48.01480803,37.63915075,24.78315108,12.17918423,33.62859717,22.00133154,0,0,0,0,0,0,0,0,0,0,0,0,0,0,0,0,4.060127964,3.949638451,2.59883559,1.319875911,0.521466227,1.012262448,0.924715428,0.755742518,
FJ_XM_bin_124,11.1228272,13.24527934,2.61180165,4.820464846,21.94533381,8.622828622,25.24948766,24.96162063,1.55609892,2.122210666,3.512036282,2.267958234,2.273432657,2.013859998,1.521794643,1.909533594,0,0,0,0,0,0,0,0,80.12491718,127.8898538,107.1510236,74.62263738,59.95688537,143.0543806,37.3761958,26.64619449,4.231188912,1.61463868,3.844872257,4.062061312,4.370150659,3.436891326,2.944164072,2.751690953,2.701030929,10.69380907,10.3194371,5.627905828,3.082288666,3.132709848,12.71896246,2.907050088,14.62546816,22.04779304,12.70060801,19.79705749,9.557888226,6.269212385,10.19288849,10.96147242,14.20111753,15.07691656,19.94887837,17.55651819,14.41216947,17.62343232,16.4724359,19.69289014,76.01587344,120.1034121,106.71775,117.278349,102.7471525,74.36055857,151.8829692,95.00109216,1.11526947,0.927052118,1.005782171,0.83405316,1.286557424,1.482920437,1.011892846,1.14739775,0.315149896,2.370239373,0.593250636,2.024777465,2.004374727,1.394700814,1.264022641,1.627266036,32.92616934,35.70231026,21.22321228,22.27733468,16.73459012,19.0182868,17.08291197,19.16401505,
FJ_XM_bin_75,0,0,0,0,0,0,0,0,0,0,0,0,0,0,0,0,0,0,0,0,0,0,0,0,0,0,0,0,0,0,0,0,0,0,0,0,0,0,0,0,0,0,0,0,0,0,0,0,0,0,0,0,0,0.105365712,0.453924024,0.149543441,0,0,0,0,0,0,0,0,11.53436323,10.94416364,5.351504865,9.427132693,10.41321859,11.0992654,10.06283019,7.674662969,0,0,0,0,0,0,0,0,0,0,0,0,0,0,0,0,0,0,0,0,0,0,0,0,
FJ_XM_bin_77,0,0,0,0,0.407945032,0,2.853010439,1.45649874,2.655707422,1.915474535,5.748963913,3.639099152,4.844741645,3.488401322,3.52907226,3.267297062,0,0.188254886,0,0,0,0,0,0,5.234677459,6.906083767,6.099889809,4.644556646,4.286364359,7.650795106,2.988780771,0,1.569302571,0.259934363,0.856124651,1.134651912,1.773962737,0.937637202,0.652559926,0.510144747,0,0,0,0,0,0,0,0,9.302919898,6.204327936,4.937488043,5.441095001,6.503657447,3.780931654,4.496394171,5.659031796,1.249709145,1.202888546,1.528404312,1.017200545,1.873446287,2.698832765,1.931689643,0.608182281,12.65997306,9.945559407,11.23235974,10.18546845,11.58468399,7.617444932,11.56507856,11.53082056,0.827026053,0.396379719,0.222394144,0.225766512,0.300035236,0.854201671,0.705847368,0.375685443,2.929342962,5.368063786,3.256136826,6.4432451,5.911284526,5.623924446,5.576100166,5.069401785,0.475682531,0.691051717,0,0,0.199367092,0.140662853,0.054990329,0.227916438,
FJ_XM_bin_90,5.589141355,6.514759002,1.144237137,2.193322824,10.7035986,4.326401988,17.66912255,14.83016978,5.83832948,7.042590188,13.55010373,7.848692597,7.691037258,6.354918858,5.371764962,6.594630594,0,0,0,0,0,0,0,0,72.87868268,86.7432156,85.50016964,50.4353139,39.8139626,123.8152336,49.62884685,38.60348487,3.790785384,1.140728509,3.221850358,3.629737911,3.971062235,3.080218203,2.645115122,2.385146105,0.529371329,1.331717212,3.115084434,0.750664446,2.456685235,0.980225151,1.681092227,0.358933585,11.51976761,14.16341277,9.760862391,12.85160781,7.806191565,5.356439141,6.474039856,7.104287937,14.47279639,14.09996923,20.28024664,16.22326834,15.19231759,17.34905148,15.11934682,26.34054904,50.38215608,56.7084413,53.47787454,47.604593,49.80361232,38.54488593,73.10679699,49.17422179,0.674223918,0.520628847,0.421510408,0.650743291,0.639822962,0.75961981,0.542638518,0.799478554,0,0.273192125,0,0.043103264,0.037331852,0,0,0,26.49136645,31.17310499,15.0155709,25.61607426,14.65370535,19.51038199,16.83246746,21.21272936,
GD_ST_bin_124,0,0,0,0,0.578092996,0.065936332,6.566491795,3.663292791,0,0,0,0,0,0,0,0,0,0,0,0,0,0,0,0,0,0,0,0,0,0,0,0,0,0,0,0,0,0,0,0,0,0,0,0,0,0,0,0,5.138044679,3.854642665,6.609414267,7.24234256,5.811884146,3.704246457,3.27275418,5.400633866,0,0,0,0,0,0,0,0,0.391054348,0.496483229,0.503540696,0.594018971,0.636205157,0.347678866,0.627693949,0.531700552,0,0,0,0,0,0,0,0,0.354802739,0.577454286,0.499492874,0.82744227,0.677888071,0.666935828,0.738081727,0.594965002,0,0,0,0,0,0,0,0,
GD_ZH_bin_111,0.807283657,0.56409708,1.597545412,1.218153369,0.907953497,1.34811823,1.057364153,1.776488567,0,0,0,0,0,0,0,0,0,0,0,0,0,0,0,0,0,0,0,0,0,0,0,0,0,0,0,0,0,0,0,0,0,0,0,0,0,0,0,0,2.180389794,3.638457691,0,1.192895045,0.626344974,0.12591515,1.843542101,1.435460361,0,0,0,0,0,0,0,0,0,0,0,0,0,0,0,0,0,0,0,0,0,0,0,0,0.54594828,19.86752507,1.349978026,10.98819609,19.12525302,11.2079774,12.45429667,18.76780194,0,0,0,0,0,0,0,0,
GD_ZH_bin_131,0,0,0,0,0,0,0,0,0,0,0,0,0,0,0,0,0,0,0,0,0,0,0,0.080432226,0,0,0,0,0,0,0,0,0,0,0,0,0,0,0,0,0,0,0,0,0,0,0,0,0,0,0,0,0,0,0,0,0,0,0,0,0,0,0,0,0,0,0,0,0,0,0,0,0,0,0,0,0,0,0,0,28.97152618,22.70292807,24.46959983,26.44843859,25.80660234,28.56985293,37.45663952,33.39261413,0,0,0,0,0,0,0,0,
GD_ZH_bin_183,0,0,0,0,0,0,0,0,0,0,0,0,0,0,0,0,0,0,0,0,0,0,0,0,0,0,0,0,0,0,0,0,0,0,0,0,0,0,0,0,0,0,0,0,0,0,0,0,0,0,0,0,0,0,0,0,0,0,0,0,0,0,0,0,0,0,0,0,0,0,0,0,0,0,0,0,0,0,0,0,10.98480598,5.840836193,10.10431787,4.706273126,5.830053624,6.637186166,6.769091085,6.642623031,0,0,0,0,0,0,0,0,
GD_ZH_bin_197,0,0,0,0,0,0,0,0,0,0,0,0,0,0,0,0,0,0,0,0,0,0,0,0,0,0,0,0,0,0,0,0,5.454212708,3.072953991,5.891615651,5.936939012,6.721130541,8.042260817,7.42425441,7.184347894,0,0,0,0,0,0,0,0,0,0,0,0,0,0,0,0,0.651840961,0.836119639,0.624338711,1.072493047,1.133426302,1.074507859,1.147107379,0.036348983,0,0,0,0,0,0,0,0,0,0,0,0,0,0,0,0,16.29632876,12.92871223,16.59964829,9.312129719,12.01414484,13.31867814,13.72343192,13.39066524,0,0,0,0,0,0,0,0,
GD_ZH_bin_206,0,0,0,0,0,0,0,0,1.685112925,5.067508763,3.3896473,3.199660651,2.779043417,2.516658931,1.801054531,1.897812132,0,0,0,0,0,0,0,0,0,0,0,0,0,0,0,0,3.471166632,1.06291243,3.494006717,3.526741723,3.511692932,3.441478925,2.896443222,2.062972301,0,0,0,0,0,0,0,0,1.57304366,2.526672932,2.939610169,5.144089292,6.115328388,2.346566314,2.929848888,3.909371759,0.214480317,0.29661933,0.313286035,0,0.469695435,0.631431686,0.499726303,0.236128005,0,0,0,0.103699903,0,0,0,0,0,0,0,0,0,0,0,0,75.85387608,45.99136528,73.81430689,42.34695086,43.16677356,55.95797487,58.09475104,53.20057873,0,0,0,0,0,0,0,0,
GD_ZH_bin_207,0,0,0,0,0,0,0,0,0,0,0,0,0,0,0,0,0,0,0,0,0,0,0,0,0,0,0,0,0,0,0,0,0,0,0,0,0,0,0,0,0,0,0,0,0,0,0,0,0,0,0,0,0,0,0,0,0,0,0,0,0,0,0,0,0,0,0,0,0,0,0,0,0,0,0,0,0,0,0,0,65.27803228,52.47090585,60.17473597,41.55702972,48.52150438,47.97693404,38.43453331,43.97223901,0,0,0,0,0,0,0,0,
GD_ZH_bin_21,0,0,0,0,0,0,0,0,2.081100016,6.489807023,6.588991058,5.064201548,5.263557775,3.863781181,2.158643209,2.898124221,0,0,0,0,0,0,0,0,2.055830179,4.175936933,2.31027527,2.910560089,0.900342178,5.367322766,0.261575183,0,3.426591325,0.885711929,3.114086798,3.245123292,3.08935804,2.451747053,1.926442824,1.207282877,0,0,0,0,0,0,0,0,5.951073008,7.217044927,20.69233952,24.02685776,8.101216438,3.803378929,4.148244491,7.506083438,0.029230786,0.080466719,0.157060257,0.050066784,0.170181519,0.41789619,0.214308862,0.521454095,1.22776939,2.810081359,2.812322,3.699411629,3.457802278,1.284933689,2.167566407,1.225679908,1.998025802,1.389640927,1.635776888,1.308030523,2.147472973,3.259130878,1.447506696,1.472791786,57.07715499,27.16274508,52.6803075,27.59971619,26.43479602,35.25459372,43.7243648,42.75200704,0,0,0,0.380282738,0,0,0,0,
GD_ZH_bin_219,0.740905555,0.851672332,0.422993643,0.448662862,1.822642937,0.546817875,2.415205578,2.397445881,0,0,0,0,0,0,0,0,0,0,0,0,0,0,0,0,0,0,0,0,0,0,0,0,0,0,0,0,0,0,0,0,0,0,0,0,0,0,0,0,4.053727191,4.432083652,6.916624202,9.435716364,10.43135586,5.398266642,6.384342338,7.287404635,0,0,0,0,0,0,0,0,0,0,0,0.036167525,0.028372461,0,0.024902077,0,0,0,0,0,0,0,0,0,10.01287789,7.935364065,10.50654651,7.654411637,7.645733807,8.420941829,8.685837655,8.192942487,0,0,0,0,0,0,0,0,
GD_ZH_bin_220,0,0,0,0,0,0,0,0,0,0,0,0,0,0,0,0,0,0,0,0,0,0,0,0,0,0,0,0,0,0,0,0,0,0,0,0,0,0,0,0,0,0,0,0,0,0,0,0,0,0,0,0,0,0,0,0,0,0,0,0,0,0,0,0,0,0,0,0,0,0,0,0,0,0,0,0,0,0,0,0,27.29934633,5.614641382,21.24532897,4.645140655,5.667383062,7.781096287,6.254368879,6.250171274,0,0,0,0,0,0,0,0,
GD_ZH_bin_258,0,0,0,0,0,0,0,0,0,0,0,0,0,0,0,0,0,0,0,0,0,0,0,0,0,0,0,0,0,0,0,0,0,0,0,0,0,0,0,0,0,0,0,0,0,0,0,0,0.254123607,0.126343501,0.913582462,1.18264167,0.173553744,0,0,0.407308917,0,0,0,0,0,0,0,0,0,0,0,0,0,0,0,0,0,0,0,0,0,0,0,0,9.956721547,7.703440993,10.2262836,7.941711452,9.128859502,10.51300205,14.14876792,10.79798291,0,0,0,0,0,0,0,0,
GD_ZH_bin_71,0,0,0,0,0,0,0,0,0,0,0,0,0,0,0,0,0,0,0,0,0,0,0,0,0,0,0,0,0,0,0,0,0.288894031,0,0.290533171,0.395204643,0.320671201,0.500407698,0.307711462,0.133900294,0,0,0,0,0,0,0,0,2.265488628,3.624785391,4.276785856,6.649347695,8.423158931,2.739670255,3.598871617,5.708952071,0,0,0,0,0,0,0,0,0,0,0,0.188773988,0.046186195,0,0,0,0,0,0,0,0,0,0,0,111.3051033,66.13183661,104.791345,63.41506504,64.91115131,80.54464687,83.42554797,77.49372977,0,0,0,0,0,0,0,0,
GD_ZH_bin_88,0,0,0,0,0,0,0,0,0,0,0,0,0,0,0,0,0,0,0,0,0,0,0,0,0,0,0,0,0,0,0,0,0,0,0,0,0,0,0,0,0,0,0,0,0,0,0,0,0,0,0,0,0,0,0,0,0,0,0,0,0,0,0,0,0,0,0,0,0,0,0,0,0,0,0,0,0,0,0,0,7.25112445,4.205940677,6.58006298,4.327851677,4.056351011,4.886856136,5.006961096,5.035440459,0,0,0,0,0,0,0,0,
GX_BH_bin_118,48.07645372,54.53422709,36.12597426,40.77754446,54.58459283,41.27208518,68.04805407,72.50512373,0,0,0,0,0,0,0,0,0,1.674535267,0,0,0,0,0,0,9.273137641,8.037729395,6.594310135,4.050232148,2.698964383,12.0499107,4.51470407,0,1.023361283,0,0.603777911,0.728264015,0.388333668,0.937374832,1.136759265,0.639889793,0,0,0.103779211,0,0,0,0,0,13.06856103,3.922510842,13.88263614,7.259123836,15.79738007,10.77926204,7.376222932,9.852599467,2.656214431,2.098025818,2.102984859,1.975916326,3.6071121,3.800994869,2.422285971,1.861378691,11.99652418,6.634146229,7.658588808,3.533306556,6.010125487,6.513043371,11.02110575,10.19705118,3.626829129,3.113132358,3.193416381,4.272931577,3.331557544,3.464849694,3.090686879,3.622287874,0,0,0,0,0,0,0,0,3.426607655,7.161393734,2.224289962,7.722645791,5.477011845,5.17733028,4.794296034,4.29346455,
GX_BH_bin_14,14.27083546,12.8614545,18.44776699,20.46350222,10.14437352,21.98257227,9.053694517,10.52216906,0,0,0,0,0,0,0,0,0,0,0,0,0,0,0,0,0,0,0,0,0,0,0,0,0,0,0,0,0,0,0,0,0,0,0,0,0,0,0,0,0.786577418,0.436394928,0,0,2.491412767,2.810041546,2.578253239,1.067797189,0,0,0,0,0,0,0,0,0,0,0,0,0,0,0,0,0,0,0,0,0,0,0,0,0,0,0,0,0,0,0,0,0,0,0,0,0,0,0,0,
GX_BH_bin_70,26.86099041,26.12760841,27.03518221,19.56100225,23.3745331,20.03200858,15.49741788,16.39079246,0,0,0,0,0,0,0,0,0,1.171855652,0,0,0,0,0,0,0,0,0,0,0,0,0,0,1.041979285,0.377592958,1.358715915,1.145219138,1.547504977,1.384383937,1.224415568,0.699047773,0,0,0,0,0,0,0,0,1.128118976,1.051725336,0.392038095,0.731965968,1.986205289,1.586372299,1.134285093,1.359947552,1.610605928,1.440825447,1.566234686,2.971049863,2.338582736,2.518457742,2.011668206,0.569615364,2.511640596,3.279851709,4.675867802,5.031539399,3.313271794,2.070025168,4.510444018,3.809030269,2.371702991,1.771781095,2.273407436,1.302919075,2.183535976,2.197281969,2.877514042,2.005755219,0,0,0,0,0,0,0,0,0,0,0,0,0,0,0,0,
GX_BH_bin_76,15.08918793,15.02662253,17.12402266,13.7837474,12.40680618,13.54155072,10.57914464,10.96363846,0.751600124,0.150495242,0.815796817,0.580266107,0.606619556,0.997447602,0.515379745,1.056750673,0,2.018217568,0,0,0,0,0,0,0.460690032,0.28151683,0,0,0,0,0,0,0,0,0,0,0,0,0,0,0,0,0,0,0,0,0,0,2.857723798,1.15288571,1.291363175,2.030437557,3.068793635,4.170412127,4.212550307,3.017530668,0,0,0,0,0,0,0,0,1.293487879,1.433619787,0.77302847,1.311200802,1.44629434,1.054359409,1.083215425,1.60644959,0.488975063,0.535721791,0.35518249,0.108291887,0.294526878,0.327932439,0.531230773,0.280029619,2.404384466,2.992795339,2.50710754,3.126779781,3.717426926,2.706700556,2.795258788,2.876963676,0,0,0,0,0,0,0,0,
GX_BH_bin_84,4.967308208,5.011820585,8.674431258,10.92972817,3.77796572,13.27265567,5.398099143,6.44279734,0,0,0,0,0,0,0,0,0,0,0,0,0,0,0,0,0,0,0,0,0,0,0,0,1.896855499,1.201726692,3.643652734,3.152954069,3.035014654,6.222901493,5.682938432,5.056865932,0,0,0,0,0,0,0,0,1.275002466,0.303101646,0,0,0.424935164,0.617254873,1.335247866,0.147898812,0.957418199,1.311009597,1.199651509,0.406229187,0.705719977,0.546996927,0.837941609,0,0,0,0,0,0,0,0,0,0,0,0,0,0,0,0,0,0,0,0,0,0,0,0,0,0,0,0,0,0,0,0,0,
HN_SY_bin_116,0,0,0,0,0,0,0,0,0,0,0,0,0,0,0,0,0,0,0,0,0,0,0,0,0,0,0,0,0,0,0,0,0,0,0,0,0,0,0,0,14.02463295,2.303508459,5.667422043,3.107861302,2.227184081,2.72606695,1.46954044,8.212743149,0,0,0,0,0,0,0,0,0,0,0,0,0,0,0,0,0,0,0,0,0,0,0,0,0,0,0,0,0,0,0,0,0,0,0,0,0,0,0,0,0,0,0,0,0,0,0,0,
HN_SY_bin_149,0,0,0,0,0,0,0,0,0,0,0,0,0,0,0,0,0,0,0,0,0,0,0,0,0,0,0,0,0,0,0,0,0,0,0,0,0,0,0,0,48.41847096,394.0729434,238.5819075,319.6340064,301.540247,320.2219359,235.8746537,239.8520553,0,0,0,0,0,0,0,0,0,0,0,0,0,0,0,0,0,0,0,0,0,0,0,0,0,0,0,0,0,0,0,0,0,0,0,0,0,0,0,0,0,0,0,0,0,0,0,0,
HN_SY_bin_151,0,0,0,0,0,0,0,0,0,0,0,0,0,0,0,0,0,0,0,0,0,0,0,0,0,0,0,0,0,0,0,0,0,0,0,0,0,0,0,0,6.515947314,31.31393527,56.72080213,53.39634383,16.83369774,60.88755554,33.22483243,33.03401499,0,0,0,0,0,0,0,0,0,0,0,0,0,0,0,0,0,0,0,0,0,0,0,0,0,0,0,0,0,0,0,0,0,0,0,0,0,0,0,0,0,0,0,0,0,0,0,0,
HN_SY_bin_162,0.497414494,0.611294255,0.109808918,0.004710062,0.247603235,0,0.357479696,0.535656677,0,0,0,0,0,0,0,0,0,0.081262287,0,0,0,0,0,0,0.450227876,0,0.061024811,0,0,0,0,0,0,0,0,0,0,0,0,0,29.17059734,6.031951188,25.36964637,14.84429325,25.67641979,24.11176671,6.917409944,12.44596665,0,0,0,0,0,0,0,0,0,0,0,0,0,0,0,0,0,0,0,0,0,0,0,0,0,0,0,0,0,0,0,0,0,0,0,0,0,0,0,0,0,0,0.367070621,0,0,0,0,0,
HN_SY_bin_17,0,0,0,0,0,0,0,0,0,0,0,0,0,0,0,0,0,0,0,0,0,0,0,0,0,0,0,0,0,0,0,0,0,0,0,0,0,0,0,0,0.665924555,3.915958767,4.742352768,5.746829873,5.201808368,5.668293717,6.560997443,9.902935249,0,0,0,0,0,0,0,0,0,0,0,0,0,0,0,0,0,0,0,0,0,0,0,0,0,0,0,0,0,0,0,0,0,0,0,0,0,0,0,0,0,0,0,0,0,0,0,0,
HN_SY_bin_172,0,0,0,0,0,0,0,0,0,0,0,0,0,0,0,0,0,0,0,0,0,0,0,0,0,0,0,0,0,0,0,0,0,0,0,0,0,0,0,0,28.82512426,53.47614191,63.65938306,58.74828561,52.56115524,48.29179538,21.13041101,44.24996671,0,0,0,0,0,0,0,0,0,0,0,0,0,0,0,0,0,0,0,0,0,0,0,0,0,0,0,0,0,0,0,0,0,0,0,0,0,0,0,0,0,0,0,0,0,0,0,0,
HN_SY_bin_188,0,0,0,0,0,0,0,0,0,0,0,0,0,0,0,0,0,0,0,0,0,0,0,0,0,0,0,0,0,0,0,0,0,0,0,0,0,0,0,0,0,9.657563463,2.391456852,26.0533432,12.41589381,26.841496,17.15153655,3.821181985,0,0,0,0,0,0,0,0,0,0,0,0,0,0,0,0,0,0,0,0,0,0,0,0,0,0,0,0,0,0,0,0,0,0,0,0,0,0,0,0,0,0,0,0,0,0,0,0,
HN_SY_bin_193,0,0,0,0,0,0,0,0,0,0,0,0,0,0,0,0,0,0,0,0,0,0,0,0,0,0,0,0,0,0,0,0,0,0,0,0,0,0,0,0,30.20254317,0.249429778,10.40301068,0.088964795,3.517728525,0.641268919,0,0.297497699,0,0,0,0,0,0,0,0,0,0,0,0,0,0,0,0,0,0,0,0,0,0,0.152794234,0,0,0,0,0,0,0,0,0,0,0,0,0,0,0,0,0,0,0,0,0,0,0,0,0,
HN_SY_bin_199,0,0,0,0,0,0,0,0,0,0,0,0,0,0,0,0,0,0,0,0,0,0,0,0,0,0,0,0,0,0,0,0,0,0,0,0,0,0,0,0,33.50547875,9.858975912,41.90222628,21.07302912,46.66619193,25.23676309,22.22591007,13.32740572,0,0,0,0,0,0,0,0,0,0,0,0,0,0,0,0,0,0,0,0,0,0,0,0,0,0,0,0,0,0,0,0,0,0,0,0,0,0,0,0,0,0,0,0,0,0,0,0,
HN_SY_bin_210,0,0,0,0,0.356839094,0,0.564521739,0.541470044,0,0,0,0,0,0,0,0,0,0,0,0,0,0,0,0,0.324075214,0.710527401,0.549022256,0.000197266,0,0.924881057,0,0,0,0,0,0,0,0,0,0,16.36643718,0.988300308,16.54021514,0.522066204,1.591033272,0.550891694,3.148814389,6.761614246,0,0,0,0,0.041866071,0,0.05161027,0.040719046,0,0,0,0,0,0,0,0,1.897648079,2.106188117,1.740333461,1.789015688,1.945741577,1.50242932,3.496432168,2.075397812,0,0,0,0,0,0,0,0,0,0,0,0,0,0,0,0,0,0.213671856,0,0.217641768,0,0,0,0,
HN_SY_bin_231,2.59305245,3.718931863,0,0,2.610005925,0,3.173433426,4.880569532,0,0,0,0,0,0,0,0,0,0,0,0,0,0,0,0,0,0,0,0,0,0,0,0,0,0,0,0,0,0,0,0,40.16348099,14.12155204,43.53967713,23.3839592,59.33819595,30.84415642,17.9481447,16.12455048,0,0,0,0,0,0,0,0,0,0,0,0,0,0,0,0,0,0,0,0,0,0,0,0,0,0,0,0,0,0,0,0,0,0,0,0,0,0,0,0,0,0,0,0,0,0,0,0,
HN_SY_bin_30,0,0,0,0,0,0,0,0,0,0,0,0,0,0,0,0,0,0,0,0,0,0,0,0,0,0,0,0,0,0,0,0,0,0,0,0,0,0,0,0,2.52955645,13.60848936,10.52501592,13.34100125,16.85223173,8.542538957,10.56066145,9.998436533,0,0,0,0,0,0,0,0,0,0,0,0,0,0,0,0,0,0,0,0,0,0,0,0,0,0,0,0,0,0,0,0,0,0,0,0,0,0,0,0,0,0,0,0,0,0,0,0,
HN_SY_bin_51,0,0,0,0,0,0,0,0,0,0,0,0,0,0,0,0,0,0,0,0,0,0,0,0,0,0,0,0,0,0,0,0,0,0,0,0,0,0,0,0,35.89583563,1.498847598,11.42618218,6.047130346,19.18002198,7.325425309,2.424247116,1.096347994,0,0,0,0,0,0,0,0,0,0,0,0,0,0,0,0,0,0,0,0,0,0,0,0,0,0,0,0,0,0,0,0,0,0,0,0,0,0,0,0,0,0,0,0,0,0,0,0,
HN_SY_bin_69,2.710994322,4.606665673,0,0,1.134258814,0,1.353894322,3.212596165,0,0,0,0,0,0,0,0,0,0,0,0,0,0,0,0,2.483026001,0.699741447,1.582667266,0,0.060617007,0.010534378,0,0,0,0,0,0,0,0,0,0,50.70540144,10.02036127,32.92046741,6.056619944,42.26072008,13.03443043,3.444860229,3.543629406,0,0,0,0,0,0,0,0,0,0,0,0,0,0,0,0,0,0.159587431,0.554812966,0.284608877,0.186642144,0,0.214348701,0.050380822,0,0,0,0,0,0,0,0,0,0,0,0,0,0,0,0,0,0,0,0,0,0,0,0,
HN_SY_bin_70,0,0,0,0,0,0,0,0,0,0,0,0,0,0,0,0,0,0,0,0,0,0,0,0,0,0,0,0,0,0,0,0,0,0,0,0,0,0,0,0,22.49124134,28.64399492,31.41759661,43.55104535,23.30641473,40.46449763,52.41042284,74.3906169,0,0,0,0,0,0,0,0,0,0,0,0,0,0,0,0,0,0,0,0,0,0,0,0,0,0,0,0,0,0,0,0,0,0,0,0,0,0,0,0,0,0,0,0,0,0,0,0,
HN_SY_bin_77,0,0,0,0,0,0,0,0,0,0,0,0,0,0,0,0,0,0,0,0,0,0,0,0,0,0,0,0,0,0,0,0,0,0,0,0,0,0,0,0,40.56514956,0.356048819,20.95531244,2.083077648,15.32981947,4.327225851,0.013137611,11.47996607,0,0,0,0,0,0,0,0,0,0,0,0,0,0,0,0,0,0,0,0,0,0,0,0,0,0,0,0,0,0,0,0,0,0,0,0,0,0,0,0,0,0,0,0,0,0,0,0,
HN_SY_bin_82,8.861603213,10.370105,4.531422897,5.290525104,8.953923261,5.22762675,11.39512332,12.3185317,0,0,0,0,0,0,0,0,0,3.132350021,0,0,0,0,0,0,2.525552534,3.104063697,2.952809955,1.454090317,1.507024548,4.053250788,0.869790876,0,0.463458725,0,0.229967282,0.178971698,0.194739775,0.268046677,0.283938353,0.094634992,108.8820779,12.54719974,63.37829837,14.12668632,21.39786731,20.90580982,11.73930736,61.3443493,0.658490599,0.234416097,0.127797168,0,0,0,0,0,1.62515101,1.358876841,1.672237393,1.010362683,2.54581996,2.562756296,1.540889911,0.922756179,9.971430127,6.832373744,9.374636241,3.768361174,6.047552561,5.856040401,10.08536031,8.668439774,1.092265203,0.905015383,1.134276731,0.814238016,1.106255071,1.308277991,0.866347627,0.994473318,0,0,0,0,0,0,0,0,1.223598402,2.7899766,3.408882833,0.631054642,1.747547537,1.731549114,1.679043297,1.422816686,
HN_SY_bin_9,0,0,0,0,0,0,0,0,0,0,0,0,0,0,0,0,0,0,0,0,0,0,0,0,0,0,0,0,0,0,0,0,0,0,0,0,0,0,0,0,0,21.73491179,6.100218971,28.86343009,34.07382594,48.0914685,12.30420283,3.968032919,0,0,0,0,0,0,0,0,0,0,0,0,0,0,0,0,0,0,0,0,0,0,0,0,0,0,0,0,0,0,0,0,0,0,0,0,0,0,0,0,0,0,0,0,0,0,0,0,
JS_LYG_bin_16,0,0,0,0,0,0,0,0,0,0,0,3.114743615,0.997546896,5.122657119,0,1.528933257,0,0,0,0,0,0,0,0,19.76363347,2.450020598,38.45985597,0.128658475,33.43100621,8.62313244,23.48998739,0,0,0,0,0,0,0,0,0,0,0,0,0,0,0,0,0,0,0,0,0,0,0,0,0,0,0,0,0,0,0,0,0,0,0,0,0,0,0,0,0,0,0,0,0.959650362,0,0,0,0,0,0,0,0,0,0,0,0,3.039878557,1.463614348,0,0,0,0,0,0,
JS_LYG_bin_25,0,0,0,0,0,0,0,0,0.16611811,5.403319555,3.271787451,1.923862377,2.040169523,3.247552487,0.285840926,4.02616056,0,0,0,0,0,0,0,0,25.35449963,31.42398867,22.49182118,22.19849263,8.343795649,61.09269039,11.39497596,0.825617129,0,0,0,0,0,0,0,0,0,0,0,0,0,0,0,0,0.72071555,1.35981406,7.417625762,5.229082485,0.353734164,0,0.166417865,1.144236958,0,0,0,0,0,0,0,0,1.048206604,2.179688643,2.815346985,3.924112448,3.341633012,1.102611037,1.811291498,1.200883748,4.831585009,3.527500283,4.197719045,3.546380787,3.638704764,6.948463905,3.286538021,3.223712811,0,0,0,0,0,0,0,0,0.332663947,0.60414602,0,5.627709451,0,0,0,0,
JS_LYG_bin_43,0,0,0,0,0,0,0,0,39.63096642,19.23817871,38.76474322,32.20691419,29.37280957,45.28492172,41.1180412,44.76530831,0,0,0,0,0,0,0,0,27.4351054,59.28969137,58.67871505,40.42931925,59.37104762,97.12141033,81.51847088,44.70989635,2.960338405,0.158997212,0.640696962,1.932235288,1.644098918,1.338015019,1.74160512,0.781858256,0,0,0,0,0,0,0,0,0.761569222,0.472079675,0.477785846,0.116157404,0,0,0,0,0.443427854,0.388111858,0.286927447,0.049955818,0.762706804,0.633298227,0.322630964,0.626668952,1.056922877,0.993896515,2.437351651,1.286643509,1.153457564,0.923638379,1.412854535,1.678831751,5.399409645,3.603534427,3.851911998,6.103125741,4.333354775,6.401024443,4.447098214,6.515106842,0,0,0,0,0,0,0,0,15.66157017,19.3915783,0,13.67000817,9.886769104,8.272296231,9.841384715,10.4859145,
JS_LYG_bin_8,0,0,0,0,0,0,0,0,0,0,0,0,0,0,0,0,0,0,0,0,0,0,0,0,35.43322275,18.28551226,53.27554885,7.617630263,9.717128456,81.04886832,7.264859913,0,0,0,0,0,0,0,0,0,0,0,0,0,0,0,0,0,0,0,0,0,0,0,0,0,0,0,0,0,0,0,0,0,0,0,0,0,0,0,0,0,8.731501929,5.244047674,12.85455611,8.149612907,7.347131704,10.87526046,5.856886571,6.164220174,0,0.192001847,0,0,0,0,0,0.302776821,0,0,0,0,0,0,0,0,
JS_LYG_bin_91,0,0,0,0,0,0,0,0,0.020482612,0,0.314227018,0.163844768,0.152188548,0,0,0,0,0,0,0,0,0,0,0,30.32363215,18.78447003,35.95969827,8.698890428,9.326909216,12.74904629,8.908104317,0,0,0,0,0,0,0,0,0,0,0,0,0,0,0,0,0,0,0,0,0,0,0,0,0,0,0,0,0,0,0,0,0,0,0,0,0,0,0,0,0,0,0,0,0,0,0,0,0,0,0,0,0,0,0,0,0,3.365856762,1.654081733,0.441250521,0.885268413,0.392751595,1.222052832,1.057148869,1.77076103,
JS_LYG_bin_94,0.078100639,0.000860623,0,0,0,0,0,0,0,0,0,0,0,0,0,0,0,0,0,0,0,0,0,0,26.84305386,4.795644241,15.021881,0,1.424404305,4.172066777,3.551075388,0,0,0,0,0,0,0,0,0,0,0,0,0,0,0,0,0,0,0,0,0,0,0,0,0,0,0,0,0,0,0,0,0,0,0,0,0,0,0,0,0,0,0,0,0,0,0,0,0,0,0,0,0,0,0,0,0,0,0,0,0,0,0,0,0,
JS_YC_bin_129,0,0,0,0,0,0,0,0,2.359106845,2.077151072,3.218618006,5.254203741,6.337820835,5.298771268,4.474899126,4.534541296,0,1.282688738,0,0,0,0,0,0,3.253219952,0.578792775,0.97832535,5.541159176,10.08612628,0,4.013614023,0,0.647969733,0.035883852,0.314490281,0.187013457,0.353121253,0,0,0,0,0,0,0,0,0,0,0,0,0,0,0,0,0,0,0,0.081371647,0,0.012268126,0,0.635117467,0.335366038,0.072608959,0,0,0,0.765394328,0.831440283,0,0,0,0,52.67694251,57.04371933,53.6546857,35.44238372,28.74702481,52.88487642,42.42014732,35.71387707,0,0,0,0.029328925,0,0,0,0,9.445856915,4.889479423,0,3.728751074,0.534225855,1.632370038,1.557068582,1.976655944,
JS_YC_bin_156,0.104825013,0.106883632,0,0,0.379284632,0,0.576804496,0.539599116,41.28213209,63.89205206,42.76165271,52.03810125,52.27217644,62.36402698,47.89682807,55.97127402,0,1.543063682,0,0,0.699776119,0,0,0,43.01509519,91.59886206,74.20299399,63.51891391,51.61456011,119.2700583,42.74271905,27.9268435,63.0284505,20.08506159,43.93684972,52.99890181,50.28119669,40.88073014,41.71877253,29.73879747,0,0.046595787,0,0,0,0,0,0,1.505237499,1.983327351,1.133072111,1.966424147,1.224748349,0.469946712,1.04969001,1.252514179,53.14580746,46.34040195,49.13035822,28.73181747,57.94377137,62.17686822,51.86536243,66.57532258,9.306629919,12.82790676,12.8120379,14.1973175,12.43062239,8.472115042,12.68593147,9.497797811,51.21800726,32.75692945,32.65200023,60.88471535,47.52167037,58.49066408,58.70817401,76.83480108,0,0,0,0,0,0,0,0,66.20816174,76.7515643,11.29055375,70.42559428,51.31291588,49.95828849,45.34339367,50.72469888,
JS_YC_bin_183,0,0,0,0,0,0,0,0,0,0,0,0,0,0,0,0,0,0,0,0,0,0,0,0,0,0,0,0,0,0,0,0,0,0,0,0,0,0,0,0,0,0,0,0,0,0,0,0,0,0,0,0,0,0,0,0,0,0,0,0,0,0,0,0,0,0,0,0,0,0,0,0,22.77598239,34.73818855,26.36636741,18.76976321,16.30663616,19.94568776,18.70710253,17.71461334,0,0,0,0,0,0,0,0,0,0,0,0,0,0,0,0,
JS_YC_bin_191,0,0,0,0,0,0,0,0,0.196353163,0,1.984714505,1.888170503,3.949986156,3.006043734,1.036096863,2.227007971,0,0,0,0,0,0,0,0,0.657384666,0,0,0.041659428,0.311155493,0,0,0,0,0,0,0,0,0,0,0,0,0,0,0,0,0,0,0,0,0,0,0,0,0,0,0,0,0,0,0,0.048699156,0.020882077,0,0,0,0,0.078698724,0,0,0,0,0,39.60755204,51.53450836,51.88901283,25.11949684,24.83568402,30.8506323,24.93738939,24.88456833,0,0,0,0,0,0,0,0,3.104940944,1.522309948,0.068855162,1.746305529,0,0.183982843,0.340722852,0.387533402,
JS_YC_bin_202,0,0,0,0,0,0,0,0,0,0,0,0,0,0,0,0,0,0,0,0,0,0,0,0,0,0,0,0,0,0,0,0,0,0,0,0,0,0,0,0,0,0,0,0,0,0,0,0,0,1.813514328,1.058088336,0,0,0,0,0,0,0,0,0,0,0,0,0,0,0,0,0,0,0,0.103425065,0,16.7449875,38.77569857,31.08970847,40.79019137,28.81548222,4.708918087,13.69185807,45.57910155,0,0,0,0,0,0,0,0,0,0,0,0,0,0,0,0,
JS_YC_bin_204,0,0,0,0,0,0,0,0,0,0,0,0.991994541,0.277961908,0.612045671,0.205590408,0.533774983,0,0,0,0,0,0,0,0,0,0,0,0.3153539,4.413953509,0,0,0,0,0,0,0,0,0,0,0,0,0,0,0,0,0,0,0,0,0,0,0,0,0,0,0,0,0,0,0,0,0,0,0,0,0,0,0,0,0,0,0,7.29899348,4.683478695,10.81803497,7.568994389,6.954572409,10.08593978,6.487405279,9.293540485,0,0,0,0,0,0,0,0,0,0,0,0,0,0,0,0,
JS_YC_bin_211,0,0,0,0,0,0,0,0,0,0,0,0.581967108,0,0.421977325,0,0.859727507,0,0,0,0,0,0,0,0,1.546646047,0.896328106,0,0,1.683813006,0,0,0,0,0,0.343378826,0.212212144,0.433914674,0,0,0,0,0,0,0,0,0,0,0,0,0,0,0,0,0,0,0,0,0,0,0,0,0,0,0,0,0,0,0,0,0,0,0,24.653507,17.82335434,29.9638253,36.05688279,29.71651741,27.67983079,22.99301625,32.82615781,0,0,0,0,0,0,0,0,5.276631441,1.527393156,0,1.490090985,0,0,0.296959038,0.386718466,
JS_YC_bin_216,0,0,0,0,0,0,0,0,0,0,0,0,0,0,0,0,0,0,0,0,0,0,0,0,0,0,0,0,0,0,0,0,1.005652867,1.563334646,2.309349034,0.687317829,1.241055162,0.037026272,0.053802793,0,0,0,0,0,0,0,0,0,0,0,0,0,0,0,0,0,0,0,0,0,0,0,0,0,0,0,0,0,0,0,0,0,7.515460331,4.984583444,6.143499422,8.329912277,7.887424721,3.326305103,6.369769624,6.973932488,0,0,0,0,0,0,0,0,0.207850868,0,0,1.102277351,0,0,0,0,
JS_YC_bin_228,0,0,0,0,0,0,0,0,0,0,0,0,0,0,0,0,1.467866406,0,0,0,0,0,0,0,0,0,0,0,0,0,0,0,3.275904277,2.18300006,5.663057474,4.89067995,3.392495367,4.932581493,5.021235827,3.470063977,0,0,0,0,0,0,0,0,0,0,0,0,0,0,0,0,0.050732197,0,0.013736054,0.31223238,0.419178274,0,0,0.139791879,0,0,0,0,0,0,0,0,3.679405827,3.882117749,4.806191698,3.047345887,7.408344673,6.188475215,5.058300821,4.534739207,0,0,0,0,0,0,0,0,0,0,0,0,0,0,0,0,
JS_YC_bin_229,0,0,0,0,0,0,0,0,0,0,0,0,0,0,0,0,0,0,0,0,0,0,0,0,0,0,0,0,0,0,0,0,0,0,0,0,0,0,0,0,0,0,0,0,0,0,0,0,0,0,0,0,0,0,0,0,0,0,0,0,0,0,0,0,0,0,0,0,0,0,0,0,2.536228178,5.074655573,0.954809351,11.61055576,6.244636114,3.537606537,3.757827172,6.648952801,0,0,0,0,0,0,0,0,0,0,0,0,0,0,0,0,
JS_YC_bin_37,0,0,0,0,0,0,0,0,0,0,0,0,0,0,0,0,0,0,0,0,0,0,0,0,0,0,0,0,0,0,0,0,0.127896767,0,0,0,0,0,0,0,0,0,0,0,0,0,0,0,0,0,0.521336713,0,0,0,0,0.458465841,0,0,0,0,0,0,0,0,0,0,0,0,0,0,0,0,17.45190983,20.73149369,11.15564795,40.95920899,16.05390649,26.53493646,14.3808289,38.48719251,0,0,0,0,0,0,0,0,0.628373644,0.392188488,0,0,0,0,0,0,
JS_YC_bin_40,0,0,0,0,0,0,0,0,5.226695132,12.8851611,6.231434683,12.21816625,10.30070057,15.10006828,9.498716692,11.81762607,0,0,0,0,0,0,0,0,0.717192252,0.651299156,0,0.29484684,0.641939798,0,0,0,0.039005104,0,0.032947547,0,0.051787892,0,0,0,0,0,0,0,0,0,0,0,0,0,0,0,0,0,0,0,0,0,0,0,0,0,0,0,0,0,0,0,0,0,0,0,25.0372313,18.74308345,22.70911391,15.41631663,23.58854505,25.19409481,26.86726151,18.56275387,0,0,0,0,0,0,0,0,0.668362979,0.658684613,0,0.214933571,0.012290245,0.147145945,0.095581891,0.15608142,
JS_YC_bin_48,0,0,0,0,0,0,0,0,0,0,0,0.680174054,0,0,0,0.130654478,0,0,0,0,0,0,0,0,3.182170419,0,0.153478887,0,2.841508959,0,0,0,3.31335564,0.841097661,1.556081542,0.242950881,0.772311417,0,0,0,0,0,0,0,0,0,0,0,0,0,0,0,0,0,0,0,0,0,0,0,0,0,0,0,0,0,0,0,0,0,0,0,10.82480852,7.581245529,11.03165906,9.483889608,8.536828053,15.03231704,10.33229814,8.898125052,0,0,0,0,0,0,0,0,6.316421141,1.298375508,0,0.978338208,0,0,0.578216676,0,
LN_DD_bin_103,0,0,0,0,0,0,0,0,13.13839073,8.782621878,7.561828598,6.850274946,7.777015993,7.220612655,6.888889344,7.738046342,0,0,0,0,0,0,0,0,0,0,0,0,0,0,0,0,0.048905499,0,0.168576544,0.135903642,0.290797881,0.435777694,0.149346482,0.098559024,0,0,0,0,0,0,0,0,0,0,0,0,0,0,0,0,0.197383383,0.121284676,0.215662353,0.443261301,0.201721867,0.247981329,0.178448685,0,0,0,0,0,0,0,0,0,0.045546901,0,0.158826193,0,0.178697486,0,0.269811071,0,0,0,0,0,0,0,0,0,0.633674873,1.010336003,0.162267669,0.928432447,1.066678465,1.082617442,1.217209376,0.413725295,
LN_DD_bin_117,0,0,0,0,0,0,0,0,9.513468096,18.35978096,10.76549047,10.29110321,12.43272815,16.23697206,15.85976182,13.67858854,0,0,0,0,0,0,0,0,2.832921121,6.75089148,3.826667616,6.093271683,6.499620633,3.872364696,0.136112409,0,0,0,0,0,0.257311133,0,0,0,0,0,0,0,0,0,0,0,0,0,0,0,0,0,0,0,0,0,0,0,0,0,0,0,0.175710104,0.293711799,0.732317394,1.089722923,0.626544835,0.170490324,0.442625081,0.490171115,0,0,0,0,0,0,0,0,0,0,0,0,0,0,0,0,4.680257652,5.415370003,1.367472587,2.459342424,1.969867285,1.790863859,2.526480031,2.235131962,
LN_DD_bin_147,0,0,0,0,0,0,0,0,5.94006701,5.666076933,8.269117598,12.67205737,10.38371405,14.47881249,8.090898977,20.89876679,0,0,0,0,0,0,0,0,17.961074,12.8145624,13.24432529,10.78660546,13.96566299,25.37248302,3.373430407,0,0,0,0,0,0,0,0,0,0,0,0,0,0,0,0,0,0,0,0,0,0,0,0,0,0,0,0,0,0,0,0,0,0,0,0,0,0,0,0,0,0.340525705,0.015342817,0.287067173,0,0,0.329904436,0.057577467,5.62E-05,0,0,0,0,0,0,0,0,8.379068426,10.87723168,15.5564432,47.60179148,1.326993507,5.120739575,6.585057369,4.188044056,
LN_DD_bin_159,0,0,0,0,0,0,0,0,16.8640106,84.76574537,72.92464939,54.0262983,56.99898087,57.54989713,22.66207485,71.75550121,0,0,0,0,0,0,0,0,94.34251109,165.9291712,145.692246,91.23872532,71.06785057,327.193399,55.97378724,38.50320593,0.538771341,0,0.37111001,0.311415079,0.376844799,0.093357772,0,0,0,0,0,0,0,0,0,0,0,0,0.544531928,0.141441667,0,0,0,0,0,0,0,0,0,0.106854275,0,0.361564112,0,0.001853578,0.237768767,0.299035987,0.289891785,0,0.17339622,0,14.65213329,10.1736433,11.61435288,12.79248584,12.23231481,21.15843265,9.742786,11.93499238,0,0,0,0,0,0,0,0,18.23732435,21.25135794,7.106773393,127.5836195,3.081834531,6.896224572,6.283967374,6.250791802,
LN_DD_bin_187,0,0,0,0,0,0,0,0,42.44013573,35.81603961,39.62752701,104.5546413,82.35219538,49.05016963,44.82720068,37.16169745,0,0.47707424,0,0,0,0,0,0,9.750637194,2.985497351,13.13942847,58.96840413,116.218268,1.610844723,23.81905992,6.40008193,0.505369979,0,0.194246981,0,0.097958658,0,0,0,0,0,0,0,0,0,0,0,0,0,0,0,0,0,0,0,0,0,0,0,0,0,0,0,0,0,0.678206318,0.493332452,0.181660612,0,0,0,4.577506703,3.617970158,7.696357879,4.442308011,6.355167214,7.561423848,4.705549776,5.57104106,0,0,0,0,0,0,0,0,5.988179686,3.878457882,0.25931136,0.832546788,0.531555751,0.843609116,0.81468262,0.913149422,
LN_DD_bin_193,0.828587777,1.075728217,0.082318167,0.172376896,1.970421883,0.63927631,2.719561541,2.505376298,73.84649863,90.49379803,157.3656706,102.504164,108.487595,90.92543334,67.43110595,87.44060606,0,0,0,0,0,0,0,0,99.44654894,159.9838965,149.3291847,87.45156449,83.64890993,212.7859172,58.39626515,40.08084862,19.96280247,7.87926184,17.14309415,18.28052909,20.46146207,15.56702255,13.34152738,11.83705269,0.242388272,0.080436387,0.599638816,0,0.349882963,0,0.251911738,0,2.905491687,3.596143961,3.087441185,3.942749687,2.13633769,1.220124888,1.589867814,2.075896079,20.53757074,21.73244633,27.41270817,27.39320127,20.1869649,23.88335428,23.14010764,31.03258826,9.13767486,12.23454622,10.98370585,11.40201501,11.39462244,8.027907741,14.42150114,9.795375875,3.83437574,3.394402822,3.518125053,3.256554546,4.565194205,5.383267208,3.806849092,4.061693903,0,0,0,0,0,0,0,0,125.9041536,135.1705787,31.42771764,87.937965,67.80059889,69.33185793,62.36809967,74.09654528,
LN_DD_bin_33,0,0,0,0,0,0,0,0,6.753222777,6.571249584,8.645938464,14.94943493,11.88021833,13.05387085,9.575618152,16.58007056,0,0,0,0,0,0,0,0,0.360613065,0.013122056,0.967831528,5.367021887,16.59876336,0.342096937,1.248364899,0,0.038259628,0,0,0,0.002389611,0,0,0,0,0,0,0,0,0,0,0,0,0,0,0,0,0,0,0,0,0,0,0,0,0,0,0,0,0,0,0,0,0,0,0,0,0,0,0,0,0,0,0,0,0,0,0,0,0,0,0,0,0,0,0,0,0,0,0,
SD_DY_bin_110,0,0,0,0,0,0,0,0,0,0,0,0,0,0,0,0,5.583418081,0,4.503402901,5.280846215,5.088821007,3.806585347,4.499943399,3.693308205,0,0,0,0,0,0,0,0,0,0,0,0,0,0,0,0,0,0,0,0,0,0,0,0,0,0,0,0,0,0,0,0,0,0,0,0,0,0,0,0,0,0,0,0,0,0,0,0,0,0,0,0,0,0,0,0,0,0,0,0,0,0,0,0,0,0,0,0,0,0,0,0,
SD_DY_bin_153,0,0,0,0,0,0,0,0,0,0,0,0,0,0,0,0,1.153027901,0,7.606991767,5.079897436,28.36287965,2.596733876,3.554066608,11.27551377,0,0,0,0,0,0,0,0,0,0,0,0,0,0,0,0,0,0,0,0,0,0,0,0,0,0,0,0,0,0,0,0,0,0,0,0,0,0,0,0,0,0,0,0,0,0,0,0,0,0,0,0,0,0,0,0,0,0,0,0,0,0,0,0,0,0,0,0,0,0,0,0,
SD_DY_bin_199,0,0,0,0,0,0,0,0,0,0,0,0,0,0,0,0,7.362777494,0,9.444662653,17.58586496,46.10622616,5.21649159,8.597899703,20.73421157,0,0,0,0,0,0,0,0,0,0,0,0,0,0,0,0,0,0,0,0,0,0,0,0,0,0,0,0,0,0,0,0,0,0,0,0,0,0,0,0,0,0,0,0,0,0,0,0,0,0,0,0,0,0,0,0,0,0,0,0,0,0,0,0,0,0,0,0,0,0,0,0,
SD_DY_bin_201,0,0,0,0,0,0,0,0,0,0,0,0,0,0,0,0,17.96781495,0,22.78323362,21.56387671,75.70966387,39.49744546,13.14871726,53.86035007,0,0,0,0,0,0,0,0,0,0,0,0,0,0,0,0,0,0,0,0,0,0,0,0,0,0,0,0,0,0,0,0,0,0,0,0,0,0,0,0,0,0,0,0,0,0,0,0,0,0,0,0,0,0,0,0,0,0,0,0,0,0,0,0,0,0,0,0,0,0,0,0,
SD_DY_bin_267,0,0,0,0,0,0,0,0,0,0,0,0,0,0,0,0,25.7398055,0,80.5521678,2.880280154,11.9384064,53.22292507,62.15199926,84.41792834,0,0,0,0,0,0,0,0,0,0,0,0,0,0,0,0,0,0,0,0,0,0,0,0,0,0,0,0,0,0,0,0,0,0,0,0,0,0,0,0,0,0,0,0,0,0,0,0,0,0,0,0,0,0,0,0,0,0,0,0,0,0,0,0,0,0,0,0,0,0,0,0,
SD_DY_bin_274,0,0,0,0,0,0,0,0,0,0,0,0,0,0,0,0,14.19397763,4.023376804,6.601292249,6.160639593,6.792587478,24.34996354,27.03637463,8.365183431,0,0,0,0,0,0,0,0,0,0,0,0,0,0,0,0,0,0,0,0,0,0,0,0,0,0,0,0,0,0,0,0,0,0,0,0,0,0,0,0,0,0,0,0,0,0,0,0,0,0,0,0,0,0,0,0,0,0,0,0,0,0,0,0,0,0,0,0,0,0,0,0,
SD_DY_bin_285,0,0,0,0,0,0,0,0,0,0,0,0,0,0,0,0,15.29570957,32.09048582,1.056302046,0.275628562,0,1.612109869,1.140125908,0,0,0,0,0,0,0,0,0,0,0,0,0,0,0,0,0,0,0,0,0,0,0,0,0,0,0,0,0,0,0,0,0,0,0,0,0,0,0,0,0,0,0,0,0,0,0,0,0,0,0,0,0,0,0,0,0,0,0,0,0,0,0,0,0,0,0,0.810482496,0,0,0,0,0,
SD_DY_bin_345,0,0,0,0,0,0,0,0,0,0,0,0,0,0,0,0,2.669618695,0,6.8588153,0.955693096,3.317965953,39.05993274,9.78602071,14.53603441,0,0,0,0,0,0,0,0,0,0,0,0,0,0,0,0,0,0,0,0,0,0,0,0,0,0,0,0,0,0,0,0,0,0,0,0,0,0,0,0,0,0,0,0,0,0,0,0,0,0,0,0,0,0,0,0,0,0,0,0,0,0,0,0,0,0,0,0,0,0,0,0,
SD_DY_bin_376,0,0,0,0,0,0,0,0,0,0,0,0,0,0,0,0,4.157997873,9.484530405,10.72074985,0.852557678,0.790355719,11.81302476,10.56809066,4.699976347,0,0,0,0,0,0,0,0,0,0,0,0,0,0,0,0,0,0,0,0,0,0,0,0,0,0,0,0,0.755836708,0.989789437,0,0,0,0,0,0,0,0,0,0,0,0,0,0,0,0,0,0,0,0,0,0,0,0,0,0,0,0,0,0,0,0,0,0,0,0,0,0,0,0,0,0,
SD_DY_bin_442,0,0,0,0,0,0,0,0,0,0,0,0,0,0,0,0,7.479128454,0,7.047975065,5.757434512,7.899618749,31.11779113,8.347904315,15.71567929,0,0,0,0,0,0,0,0,0,0,0,0,0,0,0,0,0,0,0,0,0,0,0,0,0,0,0,0,0,0,0,0,0,0,0,0,0,0,0,0,0,0,0,0,0,0,0,0,0,0,0,0,0,0,0,0,0,0,0,0,0,0,0,0,0,0,0,0,0,0,0,0,
SD_DY_bin_520,0,0,0,0,0,0,0,0,0,0,0,0,0,0,0,0,5.988960672,0,6.550404962,3.384204927,22.80726019,10.76547259,19.40657413,16.07116543,0,0,0,0,0,0,0,0,0,0,0,0,0,0,0,0,0,0,0,0,0,0,0,0,0,0,0,0,0,0,0,0,0,0,0,0,0,0,0,0,0,0,0,0,0,0,0,0,0,0,0,0,0,0,0,0,0,0,0,0,0,0,0,0,0,0,0,0,0,0,0,0,
SD_DY_bin_58,0,0,0,0,0,0,0,0,0,0,0,0,0,0,0,0,15.54513396,0,11.66457481,47.82080398,38.25477538,8.907335921,9.479892801,28.33085554,0,0,0,0,0,0,0,0,0,0,0,0,0,0,0,0,0,0,0,0,0,0,0,0,0,0,0,0,0,0,0,0,0,0,0,0,0,0,0,0,0,0,0,0,0,0,0,0,0,0,0,0,0,0,0,0,0,0,0,0,0,0,0,0,0,0,0,0,0,0,0,0,
SD_DY_bin_67,0,0,0,0,0,0,0,0,0,0,0,0,0,0,0,0,0.92641524,0.637512587,0.656922577,0,0,40.16583394,3.377667631,4.193322955,0,0,0,0,0,0,0,0,0,0,0,0,0,0,0,0,0,0,0,0,0,0,0,0,0,0,0,0,0,0,0,0,0,0,0,0,0,0,0,0,0,0,0,0,0,0,0,0,0,0,0,0,0,0,0,0,0,0,0,0,0,0,0,0,0,0,0,0,0,0,0,0,
SD_DY_bin_90,0,0,0,0,0,0,0,0,0,0,0,0,0,0,0,0,10.09611422,6.889452189,12.80553368,3.402237183,21.58540478,55.06880663,10.58562234,23.59963869,0,0,0,0,0,0,0,0,0,0,0,0,0,0,0,0,0,0,0,0,0,0,0,0,0,0,0,0,0,0.058397377,0,0,0,0,0,0,0,0,0,0,0,0,0,0,0,0,0,0,0,0,0,0,0,0,0,0,0,0,0,0,0,0,0,0,0,0,0,0,0,0,0,0,
SD_QD_bin_10,0,0,0,0,0,0,0,0,0,0.39210646,0,0,0,0,0,0,0,0,0,0,0,0,0,0,0,0,0,0,0,0.031780254,0,0,0,0,0,0,0,0,0,0,0,0,0,0,0,0,0,0,0,0,0,0,0,0,0,0,0,0,0,0,0,0,0,0,0,0,0,0,0,0,0,0,0,0,0,0,0,0,0,0,0,0,0,0,0,0,0,0,1.458385625,0.892094339,0,30.17986113,0.296436224,0.415209461,0,0,
SD_QD_bin_11,0,0,0,0,0,0,0,0,0,0,0,0,0,0,0,0,0,0,0,0,0,0,0,0,0,0,0,0,0,0,0,0,0,0,0,0,0,0,0,0,0,0,0,0,0,0,0,0,0,0,0,0,0,0,0,0,0,0,0,0,0,0,0,0,0,0,0,0,0,0,0,0,0,0,0,0,0,0,0,0,0,0,0,0,0,0,0,0,0,0,56.25416704,0,0,0,0,0,
SD_QD_bin_13,0,0,0,0,0,0,0,0,2.422560143,0.646661882,0.616852946,0.591812979,0.84243702,0.549793436,0.892009181,0.261600184,0,0,0,0,0,0,0,0,1.642277382,2.288789802,3.571396891,5.2321051,5.833250707,2.563553246,0,0,1.031907708,0.155682114,1.207382075,1.27382149,1.396701256,1.82661709,1.39786115,1.382688099,0,0,0,0,0,0,0,0,0,0.354332654,0,0,0,0,0,0,1.279666711,1.640333423,2.106541289,0.931290191,1.281383824,1.175750695,1.692085384,0,0,0,0,0,0.12571294,0.178477314,0,0,6.584370338,5.232456794,5.148831926,4.503957094,4.965005971,6.688561963,7.605480094,5.192994626,0,0,0,0,0,0,0,0,10.35160675,10.70973495,8.697912269,4.832616133,17.20495852,15.74344432,16.34870762,12.72362464,
SD_QD_bin_137,0,0,0,0,0,0,0,0,0,0,0,0,0,0,0,0,0,0,0,0,0,0,0,0,0,0,0,0,0,0,0,0,0,0,0,0,0,0,0,0,0,0,0,0,0,0,0,0,0,0,0,0,0,0,0,0,0,0,0,0,0,0,0,0,0,0,0,0,0,0,0,0,0.880923314,0.519621022,1.237529789,0.467046174,0.800545734,2.149039366,0.973325556,0.831959003,0,0,0,0,0,0,0,0,0.558062562,0.412643436,98.27431878,13.6690171,0,0.395993459,0.167301751,0,
SD_QD_bin_155,0,0,0,0,0,0,0,0,0,0,0,0,0,0,0,0,0,0,0,0,0,0,0,0,0,0,0,0,0,0,0,0,0,0,0,0,0,0,0,0,0,0,0,0,0,0,0,0,0,0,0,0,0,0,0,0,0,0,0,0,0,0,0,0,0,0,0,0,0,0,0,0,0,0,0,0,0,0,0,0,0,0,0,0,0,0,0,0,4.50263633,8.481130384,0,98.38215003,0.903988451,3.146361966,1.700314813,1.799741224,
SD_QD_bin_160,0,0,0,0,0,0,0,0,0,0,0,0,0,0,0,0,0,0,0,0,0,0,0,0,0,0,0,0,0,0,0,0,0,0,0,0,0,0,0,0,0,0,0,0,0,0,0,0,0,0,0,0,0,0,0,0,0,0,0,0,0,0,0,0,0,0,0,0,0,0,0,0,0,0,0,0,0,0,0,0,0,0,0,0,0,0,0,0,0.053360291,0.093375765,0,0,9.115107964,10.88924412,10.79531931,6.287793201,
SD_QD_bin_163,0.999671426,1.169973416,0.072085317,0.260498837,2.268140192,0.723343775,3.310229234,2.954586264,7.375215569,9.194880427,16.84655225,10.48954305,11.11549889,9.238470483,6.94567326,8.902829975,0,0,0,0,0,0,0,0,81.15143655,118.1802546,93.17299781,57.75549779,50.03711583,113.5623204,48.1217042,30.63090196,20.2174429,8.631594173,17.47187379,19.48807084,21.46700749,18.54150988,17.3493338,16.0215975,1.064674163,0.582101034,1.663501225,0.245479264,0.291819268,0.0769114,0.816043756,0.025664483,7.147452254,8.240686937,5.536065984,6.901511491,4.589928604,3.02874397,3.817430783,4.260606983,51.27809909,49.97617388,62.08864081,51.64005758,59.28290193,65.41323177,62.16884987,37.91804485,29.62286597,35.9232001,31.07661172,32.66962077,32.00128831,24.8307079,43.17832724,31.44148371,6.348431925,5.170745777,5.297663647,4.837619824,5.660307885,7.497545552,5.719424745,5.633165743,0,0.076699895,0,0,0,0,0,0,73.6124206,96.65998609,23.29141797,50.93281551,50.83290139,51.78789911,46.19206796,51.07505123,
SD_QD_bin_196,0,0,0,0,0,0,0,0,0,0.050940679,0.13232018,0,0,0,0,0.021935013,0,0,0,0,0,0,0,0,15.33648286,23.39674475,23.55260967,9.318472033,6.274612273,45.35929369,3.999305107,0,0,0,0,0,0,0,0,0,0,0,0,0,0,0,0,0,0,0,0.374470533,0,0,0,0,0,0.245252263,0.196715568,0.296723648,0,0.63294649,0.736256437,0.454657016,0.119967659,0.349295529,0.421052748,0.939150418,0.678333674,0.808472995,0.12816948,0.681771717,0.515702244,1.047036893,0.795359298,0.733566136,0.601489022,0.727326796,1.695074982,0.653732107,0.701046902,0,0,0,0,0,0,0,0,4.519752102,7.840093715,0.338825459,33.69197376,0.4667555,1.935627235,1.624715725,1.417314664,
SD_QD_bin_250,0,0,0,0,0,0,0,0,0,0,0,0,0,0,0,0,0,0,0,0,0,0,0,0,0,0,0,0,0,0,0,0,0,0,0,0,0,0,0,0,0,0,0,0,0,0,0,0,0,0,0,0,0,0,0,0,0,0,0,0,0,0,0,0,0,0,0,0,0,0,0,0,0,0,0,0,0,0,0,0,0,0,0,0,0,0,0,0,6.485478717,4.051460227,0.660748918,59.16549727,1.021065005,3.606319542,2.449771513,1.608711833,
SD_QD_bin_258,0,0,0,0,0,0,0,0,0,0,0,0,0,0,0,0,0,0,0,0,0,0,0,0,0,0,0,0,0,0,0,0,0,0,0,0,0,0,0,0,0,0,0,0,0,0,0,0,0,0,0,0,0,0,0,0,0,0,0,0,0,0,0,0,0,0,0,0,0,0,0,0,0,0,0,0,0,0,0,0,0,0,0,0,0,0,0,0,0,0,81.05520109,0,0,0,0,0,
SD_QD_bin_275,0,0,0,0,0,0,0,0,0,0,0,0,0,0,0,0,0,0,0,0,0,0,0,0,0,0,0,0,0,0,0,0,0,0,0,0,0,0,0,0,0,0,0,0,0,0,0,0,0,0,0,0,0,0,0,0,0,0,0,0,0,0,0,0,0,0,0,0,0,0,0,0,0,0,0,0,0,0,0,0,0,0,0,0,0,0,0,0,1.871336594,4.087008997,33.72190096,82.61768407,1.756762082,4.669571682,4.298630829,2.240295921,
SD_QD_bin_58,0,0,0,0.034335042,0.313521976,0.135123058,1.122641965,0.984792266,239.7856005,279.8995573,226.1280114,535.2504549,371.2522225,312.2242263,276.8754233,350.8562657,0,5.847678737,0,0,0,0,0,0,129.8798967,105.07479,85.90767342,144.0209394,270.7803548,134.9375669,106.3774099,55.706401,22.40019036,14.72958894,23.29855545,19.74847362,24.01366929,3.245283483,3.174468042,0.805163977,0,0,0,0,0,0,0,0,0.689658001,2.113990549,0.655827914,1.465171799,0.251975271,0,0.0480575,1.149644505,8.758170849,3.96682154,4.933286208,6.77993891,10.70111278,4.946708707,2.295321888,1.962601207,2.572575381,3.591819289,8.736793366,10.57190949,2.872588025,2.43944917,4.383646609,4.261206252,201.0423217,147.6272797,237.1814519,153.0519757,162.1341849,208.0215977,165.4261549,139.4728099,0,0.262423525,0,0.183797633,0.199501322,0.063527877,0,0.177249922,267.4548623,92.33086924,62.72541362,177.9234889,40.55594441,59.38463707,68.9456655,58.62384268,
SD_QD_bin_98,0,0,0,0,0,0,0,0,0,0,0,0,0,0,0,0,0,0,0,0,0,0,0,0,25.90393311,41.5857298,33.73428519,27.4436454,23.85317474,40.86040502,5.703489756,0,2.772320043,1.198880395,3.2890839,3.028894295,4.026536857,3.466573015,2.242795266,2.353372456,0,0,0,0,0,0,0,0,5.61679764,22.26615839,3.764315755,14.48428182,6.411243437,5.299727455,14.72075167,9.768272784,23.27692931,26.13991245,33.34264823,30.91525724,18.37390551,23.70851631,23.32506812,22.49901317,19.6943172,36.15119799,26.69765627,33.18982742,35.00290925,32.25245205,30.67466603,23.0876043,0,0,0,0,0.066870043,0,0.013528887,0,0.942038465,2.261406921,0.722941089,1.52511591,1.729703474,1.184052509,1.144654292,1.274403253,39.5920281,34.02942497,21.52475086,23.98843853,37.51776598,37.24555442,33.12934664,30.58927599,
ZJ_NB_bin_10,0,0,0,0,0,0,0,0,0,0,0,0,0,0,0,0,0,0,0,0,5.914371571,0,0,0,0.381441717,1.897330774,0,0.294469357,0,0,0,0,225.0993434,94.74817276,232.8853453,237.4636998,203.8739123,173.7723842,161.3032694,106.7521448,0,0,0,0,0,0,0,0,0,0,0,0,0,0,0,0,68.07562963,76.13748406,70.83236855,32.85404796,69.03424281,90.74252525,91.09697326,72.83261699,0,0,0,0.134820905,0.13538351,0.112567291,0,0,124.5521035,97.52271562,95.32797933,103.3046624,120.7412005,161.5296708,123.0903306,98.4124499,0,0,0,0,0,0,0,0,0,0,0,0,0,0,0,0,
ZJ_NB_bin_171,0,0,0,0,0,0,0,0,0,0,0,0,0,0,0,0,0,0,0,0,0,0,0,0,0,0,0,0,0,0,0,0,11.75260693,6.839439451,15.04205689,14.29884842,16.91450841,19.36984324,16.08074279,17.70632974,0,0,0,0,0,0,0,0,0,0,0,0,0,0,0,0,10.85020015,10.75571526,12.40151466,15.2847553,10.33238174,11.66817742,12.1754323,7.991765041,0,0,0,0,0,0,0,0,11.22593944,9.44318389,11.68479774,9.214024346,11.49383032,10.59939022,13.06627548,10.31230649,0,0,0,0,0,0,0,0,0,0,0,0,0,0,0,0,
ZJ_NB_bin_24,0.492303548,0.670092816,0.983462593,0.361403787,0.908162345,0.758653557,1.304741069,1.155366413,0.500250303,1.526097016,0.875948035,0.823028152,0.933345146,1.858666928,1.412688638,1.278023194,0,0.438932233,0,0,0.047890151,0,0,0,4.274563682,10.67690788,3.126992497,6.42077143,4.580552117,2.959555604,1.159340243,0,23.05533336,10.96043625,21.8321092,28.41165777,41.71478103,13.17842282,11.06866923,4.669942627,0,0,0,0,0,0,0,0,2.113619855,2.77048645,1.592898433,3.116894592,1.048276714,0.196404324,0.808028156,1.383600943,5.84456227,4.38674937,4.768984643,3.755007839,9.548854875,7.985463776,6.579218056,1.500350651,3.176376282,3.666973584,6.244191353,8.234035408,4.650241839,2.318182708,4.137308102,4.105979558,21.42123877,16.1125949,18.80075131,12.61770667,17.00144565,19.3976964,23.79596495,14.04824971,0,0.331154101,0.010227859,0.513295234,0.158881953,0.259192616,0.402898343,0.270754421,22.22165925,26.33043518,7.97309515,10.24739375,20.32630396,16.36605982,17.88408345,19.80043814,
ZJ_NB_bin_99,0,0,0,0,0,0,0,0,0,0,0,0,0,0,0,0,0,0,0,0,0,0,0,0,5.945674348,7.133884867,4.020390281,7.351348995,6.011619828,1.94330878,3.247555483,0,14.18987145,5.734687874,11.91473466,15.83910432,19.27111154,10.06323878,9.947030699,5.915121357,0,0,0,0,0,0,0,0,4.708179523,4.729039196,2.924427775,3.345406511,1.023907982,0,0.970315162,1.227104608,18.63922634,19.17031115,19.20582082,9.676663355,23.55021348,27.34667812,23.28325402,5.366032096,12.08627432,21.48551147,19.40009544,27.51505221,16.1382156,12.88831784,17.46871832,18.61845257,6.508574215,5.672433296,4.072854591,3.976022854,3.764933722,7.202788679,6.414879126,4.216485415,0,0.577049614,0,0.608427522,0.503828945,0.242136965,0.233117952,0.349374138,22.18020716,21.76223426,9.268931757,4.2600024,17.92766528,14.48251525,13.97407533,18.96799304,
ZJ_WZ_bin_142,0,0,0,0,0,0,0,0,0,0,0,0,0,0,0,0,0,0,0,0,0,0,0,0,5.969004968,7.239996719,4.543231752,3.584266588,5.646608193,5.627242063,0.297538054,0,0.987809678,0.305858693,1.307277791,1.201160539,2.093480306,2.047932893,1.254716106,1.919034686,0,0,0,0,0,0,0,0,1.040889869,0,0,0,0,0,0,0,7.994827006,7.001688491,6.742836586,18.38909257,7.570867538,10.76207045,7.877058941,7.7098517,7.252902307,5.319509647,3.137756464,4.807584615,6.536129967,8.23592609,5.033282209,4.997440603,2.074240986,1.662899752,2.279914351,1.376099086,2.368695067,2.060923107,2.850516088,1.697439927,0,0,0,0,0,0,0,0,7.14843314,8.532635625,0.971491517,3.559586213,6.366312645,5.688021141,7.395028931,4.174587213,
ZJ_WZ_bin_159,0,0,0,0,0,0,0,0,1.855977748,2.89808326,4.694599986,2.223433536,2.199640577,0.771483524,1.003794862,0.427190703,0,0,0,0,0.424039075,0,0,0,0,0,0,0,0,0,0,0,27.33136792,14.28618915,25.1626462,27.87426622,32.68853303,27.14447343,24.0460071,24.7871799,0,0,0,0,0,0,0,0,0,0,0,0,1.169246223,1.268869118,1.246359555,0.866914583,42.82808972,42.18059495,39.34896916,61.68737183,45.86763921,60.32495443,51.70962029,29.47890168,0,0,0,0,0,0,0,0,20.75620855,16.35924388,16.66246874,14.70893699,16.70017628,21.51775906,21.52055522,16.50096986,0,0,0,0,0,0,0,0,7.051026464,6.616799804,3.732408969,1.245272856,3.998799087,3.577753341,3.441913263,3.937057229,
ZJ_WZ_bin_182,0,0,0,0,0,0,0,0,0,0,0,0,0,0,0,0,0,0,0,0,0,0,0,0,0,0,0,0,0,0,0,0,3.91091062,2.08855745,5.296289286,5.090792532,5.58231759,8.185798016,6.567578236,8.063336795,0,0,0,0,0,0,0,0,0,0,0,0,0,0,0,0,9.573659365,9.563077659,8.610786791,7.690773315,8.723865485,7.700289447,11.5830549,1.774298325,0,0,0,0,0,0,0,0,5.623781658,5.2724901,7.039013193,4.557378704,6.346117061,5.480340078,7.183396914,5.118824512,0,0,0,0,0,0,0,0,0,0,0,0,0,0,0,0,
ZJ_WZ_bin_222,0,0,0,0,0,0,0,0,0,0,0,0,0,0,0,0,0,0,0,0,0,0,0,0,0,0.30788072,0,0,0,0,0,0,7.145644471,3.33634131,7.54204523,7.473941668,8.474878367,10.52305285,8.169118529,8.256886844,0,0,0,0,0,0,0,0,0.306783238,1.001811999,0,0.658756074,0,0,0.708159955,0.179236127,13.52066956,13.79486082,15.0046921,11.3260398,10.51297636,12.68841227,13.53979972,5.748687535,1.359372341,2.597063391,1.482881568,2.418910307,3.260289773,3.311767851,2.542177626,2.013800509,6.33894573,5.804627266,5.996686284,3.888422026,5.954187727,5.620661759,7.310879579,4.357583897,1.625589783,3.337939727,1.492385944,2.697568022,2.901534204,2.423599089,1.804789162,2.250252524,3.879041827,4.040903567,2.654080869,2.266374164,3.914089591,3.713634082,4.614892082,2.734748183,
ZJ_WZ_bin_232,0,0,0,0,0,0,0,0,0,0,0,0,0,0,0,0,0,0,0,0,0,0,0,0,0,0,0,0,0,0,0,0,3.641586811,1.283031615,3.645596042,3.296941803,4.147893976,1.743753229,1.124455387,0.861353165,0,0,0,0,0,0,0,0,2.053012502,9.8967276,1.87403421,5.201920067,0.367145376,0,1.243126517,2.954849022,3.227101001,4.341987405,4.471726189,5.981359193,2.19009843,3.495891367,2.12671204,8.922211751,1.239412245,4.326580736,10.11649489,8.890481255,5.239766338,2.926015422,3.904499482,3.027401777,0,0,0,0,0,0,0,0,0,0,0,0,0,0,0,0,0,0,0,0,0,0,0,0,
ZJ_WZ_bin_84,0,0,0,0,0,0,0,0,2.631934605,3.480311314,3.269655989,4.262420849,2.927916182,2.823342114,2.699520071,1.366833221,0,0,0,0,0.24164283,0,0,0,0,0,0,0,0,0,0,0,18.04344509,9.715192301,18.74396639,18.1402601,21.25916618,20.30984914,16.25861663,15.24802474,0,0,0,0,0,0,0,0,0.452217753,1.080188267,0.227095735,2.995489556,7.009067737,2.65848866,1.972735146,1.994062954,5.94517019,6.974054189,5.704632692,14.13838842,4.96846307,7.387384538,6.122089797,12.97215511,0,0,0,0,0,0,0,0,0,0,0,0,0,0,0,0,68.37872961,44.24585886,55.22702648,46.71655895,46.76171377,47.03126995,44.3910152,43.89148786,0,0,0,0,0,0,0,0,
ZJ_WZ_bin_93,0,0,0,0,0,0,0,0,0,0,0,0,0,0,0,0,0,0,0,0,0,0,0,0,0,0,0,0,0,0,0,0,2.225683996,1.03959068,2.788041652,2.646131315,3.404796358,4.031329154,3.128217715,3.743046192,0,0,0,0,0,0,0,0,0,0,0,0,0,0,0,0,9.41912634,8.107308205,7.960377734,15.412248,8.442829278,10.00966523,10.3805352,6.527847932,0.794916827,0.584828287,0.406179784,0.672405838,0.880778834,1.087595931,0.449537308,0.739805555,2.432772501,2.096470033,2.929852001,1.549530171,2.59908381,2.177258464,3.060784797,1.857612849,0,0,0,0,0,0,0,0,4.472986645,5.231449919,1.248082648,1.397084002,3.693011784,3.450783584,5.093277137,2.683760195,
