vPCs ID,Gene families,AMGs score,Pathways,BH2_FDSW220017122-1r,BH4_FDSW220017124-1r,BH6_FDSW220017126-1r,BH8_FDSW220017128-1r,BH10_FDSW220017130-1r,BH12_FDSW220017132-1r,BH14_FDSW220017134-1r,BH15_FDSW220017135-1r,DD1_FDSW220008388-1r,DD3_FDSW220008390-2r,DD5_FDSW220008392-2r,DD7_FDSW220008394-1r,DD9_FDSW220008396-1r,DD11_FDSW220008398-1r,DD13_FDSW220008400-2r,DD15_FDSW220008402-2r,DY2_FDME210438600-1b,DY3_FDME210438601-1r,DY6_FDME210438604-1r,DY7_FDME210438605-1r,DY10_FDME210438608-1r,DY11_FDME210438609-1r,DY13_FDME210438611-1b,DY15_FDME210438613-1r,LYG1_FDME210455382-1r,LYG3_FDME210455384-1r,LYG5_FDME210455386-1r,LYG6_FDME210455387-1r,LYG7_FDME210455388-1r,LYG11_FDME210455392-2r,LYG13_FDME210455394-1a,LYG15_FDME210455396-1a,NB1_FDME210455352-1r,NB2_FDME210455353-1r,NB4_FDME210455355-1r,NB6_FDME210455357-1r,NB7_FDME210455358-1r,NB11_FDME210455362-1b,NB12_FDME210455363-1r,NB15_FDME210455366-1r,SY1_FDME210455397-2a,SY3_FDME210455399-2a,SY7_FDME210455403-2a,SY9_FDME210455405-2a,SY11_FDME210455407-1r,SY12_FDME210455408-1r,SY13_FDME210455409-2a,SY15_FDME210455411-2a,ST1_FDME220007465-1r,ST3_L1,ST7_FDME220007471-1r,ST9_L1,ST10_L1,ST12_L1,ST13_L1,ST15_L1,WZ1_L1,WZ3_L1,WZ5_L1,WZ7_FDME210455463-1r,WZ10_L1,WZ11_L1,WZ14_L1,WZ15_FDME210455471-1r,XM2_FDME220007436-1r,XM4_FDME220007438-1r,XM6_FDME220007440-1r,XM8_FDME220007442-1r,XM10_FDME220007444-1r,XM12_FDME220007446-1r,XM14_FDME220007448-1r,XM15_FDME220007449-1r,YC1_FDME220007405-1r,YC3_FDME220007407-1r,YC5_FDME220007409-1r,YC7_FDME220007411-1a,YC9_FDME220007413-1r,YC11_FDME220007415-1r,YC13_FDME220007417-1r,YC15_FDME220007419-1r,ZH1_FDSW220008784-1r,ZH3_FDSW220008786-1r,ZH5_FDSW220008788-1r,ZH7_FDSW220008790-1r,ZH9_FDSW220008792-2r,ZH11_FDSW220008794-2r,ZH13_FDSW220008796-2r,ZH15_FDSW220008798-2r,CXD_1412_FDSW210423229-1r,CXD_1414_FDSW210423231-1r,CXD_1604_FDSW210423236-1r,CXD_1609_FDSW210423241-1r,CXD_1610_FDSW210423242-1r,CXD_1611_FDSW210423243-1r,CXD_1612_FDSW210423244-1r,CXD_1613_FDSW210423245-1r
FJ_XM_contig_11421452||full_10,serA,High_confidence,Aerobic_oxidation_of_methane,0,0,0,0,0,0,0,0,0,0,0,0,0,0,0,0,0,0,0,0,0,0,0,0,0,0,0,0,0,0,0,0,0,0,0,0,0,0,0,0,0,0,0,0,0,0,0,0,0,0,0,0,0,0,0,0,0,0,0,0,0,0,0,0,13.9802278,15.93730231,2.283580499,20.35405041,31.98085975,12.78372667,8.914850644,10.25097697,0,0,0,0,0,0,0,0,0,0,0,0,0,0,0,0,0,0,0,0,0,0,0,0
GD_ZH_contig_16010148||full_8,fdhB,Low_confidence,Aerobic_oxidation_of_methane,0,0,0,0,0,0,0,0,0,0,0,0,0,0,0,0,0,0,0,0,0,0,0,0,0,0,0,0,0,0,0,0,0,0,0,0,0,0,0,0,0,0,0,0,0,0,0,0,0,0,0,6.696450024,0,0,0,0,0,0,0,0,0,0,0,0,0,0,0,0,0,0,0,0,0,0,0,0,0,0,0,0,23.5332308,20.13730206,11.78623796,7.489052491,0,5.863873493,7.774200749,7.436955265,0,0,0,0,0,0,0,0
HN_SY_contig_24761009_2,glpX,Low_confidence,Aerobic_oxidation_of_methane,0,0,0,0,0,0,0,0,0,0,0,0,0,0,0,0,0,0,0,0,0,0,0,0,0,0,0,0,0,0,0,0,0,0,0,0,0,0,0,0,6.595569184,4.34041713,0,0,23.4115901,0,0,22.47335088,0,0,0,0,0,0,0,0,0,0,0,0,0,0,0,0,0,0,0,0,0,0,0,0,0,0,0,0,0,0,0,0,0,0,0,0,0,0,0,0,0,0,0,0,0,0,0,0
JS_YC_contig_10045132||full_4,hprA,Low_confidence,Aerobic_oxidation_of_methane,0,0,0,0,0,0,0,0,8.394079194,17.67645514,5.135297806,42.86721477,28.92375013,22.15568969,17.53435421,35.99282794,0,5.316329522,0,0,0,0,0,0,2.328882908,0,0,3.109763079,22.54610911,0,0,16.54807817,0,0,0,0,0,0,0,0,0,0,0,0,0,0,0,0,0,0,0,0,0,0,0,0,0,0,0,0,0,0,0,5.948898276,0,0,0,0,0,0,0,0,10.79546383,18.53941782,17.36370683,14.31281127,5.32039047,21.53480602,20.83641903,17.74751109,0,0,0,0,0,0,0,0,6.282501833,2.067793426,0,0,0,3.51735225,0,0
JS_YC_contig_14923882_5,serA,Low_confidence,Aerobic_oxidation_of_methane,0,0,0,0,0,0,0,0,1.941460824,0,0,0,0,0,0,0,0,0,0,0,0,0,0,0,0,0.914760311,3.341645864,0,0,0,0,0,1.891674955,6.277860199,4.253481178,0,6.289873173,2.746549593,1.062442345,0,0,0,0,0,0,0,0,0,2.548530474,0,1.00527268,0,0,2.045593196,0,0,0.603146293,1.117496604,3.001841501,0,4.304593754,2.474520942,0,4.024443619,0.242911117,0,0,0.155941474,2.391093353,2.452977083,0.82966085,2.337052272,10.98856022,21.11621581,6.441503716,4.237788891,16.951298,7.69085439,15.99701491,4.810228699,3.690686136,5.36062446,1.740178369,25.68256673,7.775622409,11.40473734,2.119009665,1.872909625,0,0,0,0,0,0,0,1.043723689
LN_DD_contig_19607178||full_14,glyA,Low_confidence,Aerobic_oxidation_of_methane,0,0,0,0,0,0,0,0,10.66973279,19.0841131,6.707715827,14.16026709,2.072739495,4.230345803,9.903471319,12.3073632,0,0,0,0,0,0,0,0,0,0,0,0,0,0,0,0,0,0,0,0,0,0,0,0,0,0,0,0,0,0,0,0,0,0,0,0,0,0,0,0,0,0,0,0,0,0,0,0,0,0,0,0,0,0,0,0,0,0,0,0,0,0,0,0,0,0,0,0,0,0,0,0,0,0,0,0,0,0,0,0
LN_DD_contig_8480169||full_3,mdh,Low_confidence,Aerobic_oxidation_of_methane,0,0,0.477341665,0.706176749,0.376983644,0,0,0.28980382,14.28776285,12.37499351,5.1208405,14.19177897,12.01027018,14.23137618,10.07068801,7.190334718,0,0,0,0,0,0,0,0,0,0,0,0,0,0,0,0,0,2.359736795,0,0,0,0,0,0,0,0,0.801589349,0,0,0,0,0,0,0,0,0,0,0,0,0.202158269,0,0,0,0,0,0,0,0,0,0,0,0,0,0,0,0,0,0,0,0,0,0,0,0,0,0,0,0,0,0,0,0.366683209,0,0,0,0,0,0,0,0
SD_DY_contig_4484199||full_3,gckA,Low_confidence,Aerobic_oxidation_of_methane,0,0,0,0,0,0,0,0,0,0,0,0,0,0,0,0,8.002295706,0,31.74285229,38.4988312,15.3865487,3.460387983,27.49181185,17.0591702,0,0,0,0,0,0,0,0,0,0,0,0,0,0,0,0,0,0,0,0,0,0,0,0,0,0,0,0,0,0,0,0,0,0,0,0,0,0,0,0,0,0,0,0,0,0,0,0,0,0,0,0,0,0,0,0,0,0,0,0,0,0,0,0,0,0,0,0,0,0,0,0
SD_QD_contig_12942742||full_1,mdh,Low_confidence,Aerobic_oxidation_of_methane,0.072977082,0,1.469709878,0,0,0.115912777,0,0,1.927884124,0,4.978730882,0.464951311,0,7.942478194,2.126962002,0,0,0,0,0,0,0.392048486,0,0,0,0,0,6.877218315,0,0,0,0,0,0.754379746,0,0,0,0.675342049,11.99876428,0,0,0,0,0,0,0,0,0.508670783,0,0,0,0,0,0.056622658,0,0.497947714,1.22763582,42.10965631,0,4.646271742,0.54280579,2.423323863,6.826043881,0,0,0,0,0,0,0,0.984225949,0,3.701958677,0,4.564089036,0,0,4.45677548,10.90356499,2.469856185,0.854971916,0,0.686182065,0.912567652,0,0.018569805,0.020174279,0,0,5.904856488,3.110406048,0,18.51392817,1.834149676,0,5.200307525
ZJ_NB_contig_3435110||full_1,frmA,Low_confidence,Aerobic_oxidation_of_methane,0,0,0,0,0,0,0,0,0,0,0,0,0,0,0,0,0,0,0,0,0,0,0,0,0,0,0,0,0,0,0,0,0,4.437642009,5.62453982,1.670901522,6.405533585,9.539983088,15.22349742,15.17485215,0,0,0,0,0,0,0,0,0,0,0,0,0,0,0,0,1.973130146,3.604067547,3.127005366,1.164855107,1.903934748,4.292563158,17.39065668,0,0,0,0,0,0,0,0,0.216811096,3.901407328,9.803107983,6.889170795,21.55076245,4.375066034,8.214142821,8.367519348,5.216425169,0,0,0,0,0,0,0,0,0.51959776,0,0,0,6.868886086,0,0.50230738,4.577951097
JS_YC_contig_11282111||full_17,serA,High_confidence,Aerobic_oxidation_of_methane,0,0,0,0,0,0,0,0,0,0,0,0,0,0,0,0,0,0,0,0,0,0,0,0,0,0,0,0,0,0,0,0,0,0.834506689,0,0,0,0,0,0,0,0,0,0,0,0,0,0,0,0,0,0,0,0,0,0,0,0,0,0,0,0,0,0,0,0,0,0,0,0,0,0,3.534773411,6.570060182,14.33160318,5.797659681,1.652320107,7.714053456,8.910440559,7.793178337,0,0,0,0,0,0,0,0,0,0,0,0,0,0,0,0
LN_DD_contig_19607178||full_6,glpX,High_confidence,Aerobic_oxidation_of_methane,0,0,0,0,0,0,0,0,0,19.84478011,5.945129273,19.12473855,0,10.83346705,4.943397907,8.609509153,0,0,0,0,0,0,0,0,0,0,0,0,0,0,0,0,0,0,0,0,0,0,0,0,0,0,0,0,0,0,0,0,0,0,0,0,0,0,0,0,0,0,0,0,0,0,0,0,0,0,0,0,0,0,0,0,0,0,0,0,0,0,0,0,0,0,0,0,0,0,0,0,0,0,0,0,0,0,0,0
ZJ_NB_contig_3329222_51,frmA,High_confidence,Aerobic_oxidation_of_methane,0,0,0,0,0,0,0,0,0,0,0,0,0,0,0,0,0,0,0,0,0,0,0,0,0,0,0,0,0,0,0,0,5.679532935,6.930925922,21.16783719,21.82233987,17.29921596,11.61509917,19.60411698,15.67963566,0,0,0,0,0,0,0,0,23.64386212,0,0.681866395,3.231210549,0,0.676622957,1.531724845,0,29.84400195,40.64853076,49.49335138,35.99238333,23.97153989,82.33673207,27.93409823,44.82579776,21.72143378,17.29834752,6.973684903,4.310895334,8.610033019,21.34888162,4.353449825,11.49445005,5.491149364,5.821493794,3.218343799,21.79982554,14.16524475,12.74371825,11.109292,7.58787466,0,0,0,0,0,0,0,0,0,0,0,0,0,0,0,0
ZJ_WZ_contig_15436671||full_56,frmA,High_confidence,Aerobic_oxidation_of_methane,0,0,0,0,0,0,0,0,0,0,0,0,0,0,0,0,0,0,0,0,0,0,0,0,0,0,0,0,0,0,0,0,0,1.390360415,6.667730299,6.074329081,3.536737428,5.584373689,0.682136826,14.87413156,0,0,0,0,0,0,0,0,0,0,0,0,0,0,0,0,7.309943629,0.717484191,2.131705098,6.728667029,6.585491074,13.48602267,2.669069788,12.62414588,0,0,0,0,0,0,0,0,0,0,0,0,0,0,0,0,0,0,0,0,0,0,0,0,0,0,0,0,0,0,0,0
ZJ_WZ_contig_18055329||full_43,serA,High_confidence,Aerobic_oxidation_of_methane,0,0,0,0,0,0,0,0,0,0,0,0,0,0,0,0,0,0,0,0,0,0,0,0,0,0,0,0,0,0,0,0,0,0,0,0,1.0432395,0,0,0,0,0,0,0,0,0,0,0,0,0,0,0,0,0,0,0,13.27454988,16.26026583,11.26242683,6.973857103,6.733643543,19.56368063,9.235809456,2.910155268,0,0,0,0,0,0,0,0,0,0,0,0,0,0,0,0,0,0,0,0,0,0,0,0,0,0,0,0,0,0,0,0
ZJ_WZ_contig_20495705_16,pfkA,High_confidence,Aerobic_oxidation_of_methane,0,0,0,0,0,0,0,0,0,0,0,0,0,0,0,0,0,0,0,0,0,0,0,0,0,0,0,0,0,0,0,0,5.438218605,0,0,0,5.432974702,4.734478682,1.028963024,1.052191338,0,0,0,0,0,0,0,0,0,0,0,0,0,0,0,0,25.26968634,1.095982196,23.18582584,13.28170687,12.15503552,20.96259958,9.574603063,8.919117507,0,0,0,0,0,0,0,0,0,0,0,0,2.783274114,0,0,0.47401284,0,0,0,0,0,0,0,0,0,0,0,0,0,0,0,0
ZJ_WZ_contig_4342049_19,glpX,High_confidence,Aerobic_oxidation_of_methane,0,0,0,0,0,0,0,0,0,0,0,0,0,0,0,0,0,0,0,0,0,0,0,0,0,0,0,0,0,0,0,0,0,0,0,0,2.540529088,0,2.442325609,2.30785917,0,0,0,0,0,0,0,0,0,0,0,0,0,0,2.436388386,0,5.886075081,25.81845679,0.144920545,11.08274975,1.044002855,19.15336876,3.909646641,9.976198356,0,0,0,0,0,0,2.452128685,0,0,0,0,0,0,0,0,0,0,0,0,0,0,0,0,0,0,0,0,0,0,0,0,0
GD_ST_contig_15702450||full_3,metF,Low_confidence,Anaerobic_oxidation_of_methane,0,0,1.233399595,0,0,0,0,0,0,0,0,0,1.944642228,0,0,0,0,0,0,0,0,0,0,0,0,0,0,0,0,0,0,0,0,0,0,0,0,0,0,0,0,0,0,0,0,0,0,0,7.138454938,51.75300984,14.043244,61.00746917,20.42266008,10.78237263,24.90252842,10.41589909,0,0,0,0,0,0,0,0,0,0,0,0,0,2.690832324,0,0,0,0,0,0,0,0,0,0,7.203323174,5.77514587,8.92293735,7.822494589,10.23619359,9.756002651,16.07849418,19.54292615,0,0,0,0,0,0,0,0
JS_LYG_contig_3194504||full_3,metF,High_confidence,Anaerobic_oxidation_of_methane,0,0,0,0,0,0,0,0,20.52789269,15.47172531,11.22519745,12.10537866,10.60002535,12.81913111,3.324818496,7.476100031,0,0,0,0,0,0,0,0,1.768516788,14.08968606,3.162874716,14.57740067,12.55696588,2.321271349,0,0,5.523223882,0,0,0,0,0,0,0,0,0,0,0,0,0,0,0,0,1.081810388,0,1.488100089,0,0,0,5.84265866,0,0,0,0,0,0,0,0,0,0,0,0,0,0,0,0,0,0,4.991468213,0,2.815061126,1.036537744,0,2.827386433,2.955272688,0,3.480356859,0,0,2.31076383,1.093246959,1.107340712,0,0,0,0,0,2.725515784,0,0
JS_LYG_contig_9207626_1,cysC,Low_confidence,Assimilatory_sulphate_reduction,0,0,0,0,0,0,0,0,0,0,0,0,0,0,0,0,0,0,0,0,0,0,0,0,9.479955964,0,19.06666949,2.693820976,9.225771407,35.61767557,0,0,0,0,0,0,0,0,0,0,0,0,0,0,0,0,0,0,0,0,0,0,0,0,0,0,0,0,0,0,0,0,0,0,0,0,0,0,0,0,0,0,0,0,0,0,0,0,0,0,0,0,0,0,0,0,0,0,0,0,0,0,0,0,0,0
JS_YC_contig_16845322||full_7,cysC,Low_confidence,Assimilatory_sulphate_reduction,0,0,0,0,0,0,0,0,0,0,0,0,0,0,0,0,0,0,0,0,0,0,0,0,0,0,0,0,0,0,0,0,0,0,0,0,0,0,0,0,0,0,0,0,0,0,0,0,0,0,0,0,0,0,0,0,0,0,0,0,0,0,0,0,0,0,0,0,0,0,0,0,2.161391979,33.63753327,18.44586448,12.95728115,28.93432609,27.08780649,19.00787083,8.593077637,0,0,0,0,0,0,0,0,0,0,0,0,0,0,0,0
LN_DD_contig_5159297||full_2,cysC,Low_confidence,Assimilatory_sulphate_reduction,1.386564526,0,0,0,0,0,3.289643785,0,8.771872765,53.76510642,23.90966983,19.30613598,22.89790984,9.393965896,22.51818849,12.19967371,0,0,0,0,0,0,0,0,2.720568613,2.749745943,0,7.288469205,0,16.06674933,0,0,0,0,0,0,0,0,0,0,0,11.30708813,1.962290777,6.494661449,0,0,12.30090633,8.232931011,0,0,0,0,0,0,0,0,0,0,0,0,0,0,0,0,0,0,0,0,6.820101962,0,0,0,0,0,0,0,0,0,0,0,0,0,0,0,0,0,0,0,1.800545296,0,1.702815528,1.641058948,4.23876377,3.987512094,7.696312784,0
SD_DY_contig_13952406_15,cysC,Low_confidence,Assimilatory_sulphate_reduction,0,0,0,0,0,0,0,0,0,0,0,0,0,0,0,0,0,0,0,0,51.52341173,0,65.7781182,0,0,0,0,0,0,0,0,0,0,0,0,0,0,0,0,0,0,0,0,0,0,0,0,0,0,0,0,0,0,0,0,0,0,0,0,0,0,0,0,0,0,0,0,0,0,0,0,0,0,0,0,0,0,0,0,0,0,0,0,0,0,0,0,0,0,0,0,0,0,0,0,0
SD_DY_contig_18351358||full_15,cysC,Low_confidence,Assimilatory_sulphate_reduction,0,0,0,0,0,0,0,0,0,0,0,0,0,0,0,0,0,0,3.904477941,9.83660104,0,0,16.00338799,47.78728001,0,0,0,0,0,0,0,0,0,0,0,0,0,0,0,0,0,0,0,0,0,0,0,0,0,0,0,0,0,0,0,0,0,0,0,0,0,0,0,0,0,0,0,0,0,0,0,0,0,0,0,0,0,0,0,0,0,0,0,0,0,0,0,0,0,0,0,0,0,0,0,0
ZJ_NB_contig_12905529||full_1,cysH,Low_confidence,Assimilatory_sulphate_reduction,0,0,0,0,0,0,0,0,0,0,0,0,0,0,0,0,0,0,0,0,0,0,0,0,0,0,0,0,0,0,0,0,0,0,0,0,0,0,0,7.523168062,0,0,0,0,0,0,0,0,0,0,0,0,0,0,0,0,0,0,0,0,0,0,0,0,0,0,0,0,0,0,0,0,0,0,0,0,0,0,0,0,0,0,0,0,0,0,0,0,0,0,0,0,0,0,0,0
ZJ_WZ_contig_22899374||full_1_40,cysC,Low_confidence,Assimilatory_sulphate_reduction,0,0,0,0,0,0,0,0,0,0,0,0,0,0,0,0,0,0,0,0,0,0,0,0,1.768987167,8.071581973,7.063468445,0,0,0,0,0,0,0,0,0,0,0,0,0,0,0,0,0,0,0,0,0,0,0,0,0,0,0,0,0,6.207930564,2.2871418,2.234613963,42.76463353,7.895357495,0,0,9.715205322,0,0,0,0,0,0,0,0,0,0,0,0,0,0,0,0,0,0,0,0,0,0,0,0,0,0,0,0,0,0,0,0
ZJ_WZ_contig_4196600_21,cysH,Low_confidence,Assimilatory_sulphate_reduction,0,0,0,0,0,0,0,0,0,0,0,0,0,0,0,0,0,0,0,0,0,0,0,0,0,0,0,0,0,0,0,0,0,0,0,0,1.526969148,0,0,0,0,0,0,0,0,0,0,0,0,0,0,0,0,0,0,0,2.934166575,11.53857928,20.54347904,0,0,10.81254247,8.976479966,0,0,0,0,0,0,0,0,0,0,0,0,0,10.69078752,6.606382884,3.403514011,6.554499331,0,0,0,0,0,0,0,0,0,0,0,0,0,0,0,0
FJ_XM_contig_9717194_15,cysH,High_confidence,Assimilatory_sulphate_reduction,0,0,0,0,0,0,0,0,0,0,0,0,0,0,0,0,0,0,0,0,0,0,0,0,0,0,0,0,0,0,0,0,0,0,0,0,0,0,0,0,0,0,0,0,0,0,0,0,0,0,0,0,0,0,0,0,0,0,0,0,0,0,0,0,0,0,0,16.24712226,9.633632137,0,13.20321672,0,0,0,0,0,0,0,0,0,0,0,0,0,0,0,0,0,0,0,0,0,0,0,0,0
GX_BH_contig_13778499_5,cysC,High_confidence,Assimilatory_sulphate_reduction,4.648142545,0,0,34.321917,11.82357856,0,12.35905139,0,0,0,0,0,0,0,0,0,0,0,0,0,0,0,0,0,0,0,0,0,0,0,0,0,0,0,0,0,0,0,0,0,0,0,0,0,0,0,0,0,0,0,0,0,0,0,0,0,0,0,0,0,0,0,0,0,0,0,0,0,0,0,0,0,0,0,0,0,0,0,0,0,0,0,0,0,0,0,0,0,0,0,0,0,0,0,0,0
GX_BH_contig_13778499_6,cysC,High_confidence,Assimilatory_sulphate_reduction,0,6.031740001,19.16599101,9.02603178,6.740010659,6.784995816,4.450275764,8.566634799,0,0,0,0,0,0,0,0,0,0,0,0,0,0,0,0,0,0,0,0,0,0,0,0,0,0,0,0,0,0,0,0,0,0,0,0,0,0,0,0,0,0,0,0,0,0,0,0,0,0,0,0,0,0,0,0,0,0,0,0,0,0,0,0,0,0,0,0,0,0,0,0,0,0,0,0,0,0,0,0,0,0,0,0,0,0,0,0
HN_SY_contig_34732266||full_1_72,cysH,High_confidence,Assimilatory_sulphate_reduction,0,0,0,0,0,0,0,0,0,0,0,0,0,0,0,0,0,0,0,0,0,0,0,0,0,0,0,0,0,0,0,0,0,0,0,0,0,0,0,0,25.63547463,0,35.14449699,0,22.64216531,0,0,68.75854754,0,0,0,0,0,0,0,0,0,0,0,0,0,0,0,0,0,0,0,0,0,0,0,0,0,0,0,0,0,0,0,0,0,0,0,0,0,0,0,0,0,0,0,0,0,0,0,0
HN_SY_contig_45295_44,cysC,High_confidence,Assimilatory_sulphate_reduction,0,0,0,0,0,0,0,0,0,0,0,0,0,0,0,0,0,0,0,0,0,0,0,0,0,0,0,0,0,0,0,0,0,0,0,0,0,0,0,0,182.5668461,0,8.10750446,0,0,0,0,0,0,0,0,0,0,0,0,0,0,0,0,0,0,0,0,0,0,0,0,0,0,0,0,0,0,0,0,0,0,0,0,0,0,0,0,0,0,0,0,0,0,0,0,0,0,0,0,0
JS_LYG_contig_15821115_66,cysD,High_confidence,Assimilatory_sulphate_reduction,0,3.158269811,0,0,0,0,0,0,0,0,0,0,0,0,0,0,0,0,0,0,0,0,0,0,22.97601183,29.87960314,10.10472854,6.339333621,6.416642568,47.07333773,0,0,0,0,0,0,0,0,0,0,0,0,0,0,0,0,0,0,0,0,0,0,0,0,0,0,0,0,0,0,0,0,0,0,0,0,0,0,0,0,0,0,0,0,0,0,0,0,0,0,0,0,0,0,0,0,0,0,0,0,0,0,0,0,0,0
JS_LYG_contig_15821115_67,cysN,High_confidence,Assimilatory_sulphate_reduction,0,0,0,0,0,0,0,0,0,0,0,0,0,0,0,0,0,0,0,0,0,0,0,0,22.43349975,36.29266724,25.06352616,15.60930214,1.646766752,7.179180535,0,0,0,0,0,0,0,0,0,0,0,0,0,0,0,0,0,0,0,0,0,0,0,0,0,0,0,0,0,0,0,0,0,0,0,0,0,0,0,0,0.186337428,0,0,0,0,0,0,0,0,0,0,0,0,0,0,0,0,0,0,0,0,0,0,0,0,0
JS_LYG_contig_20221801_8,cysC,High_confidence,Assimilatory_sulphate_reduction,0,0,0,0,0,0,0,0,0,0,0,0,0,0,0,0,0,0,0,0,0,0,0,0,67.65161235,14.96551287,26.13953268,0,4.83872891,62.77467731,0,0,0,0,0,0,0,0,0,0,0,0,0,0,0,0,0,0,6.620517561,0,4.114827125,0,0,0,0,0,23.85191293,3.064680834,2.348750333,15.95778175,12.47758658,21.16209729,7.508005212,14.54044134,0,0,0,0,0,0,0,0,0,0,0,0,0,0,0,0,0,0,0,0,0,0,0,0,0,0,0,0,0,0,0,0
JS_YC_contig_10511516_fragment_1_120,cysC,High_confidence,Assimilatory_sulphate_reduction,0,0,0,0,0,0,0,0,0,0,0,0,0,0,0,0,0,0,0,0,0,0,0,0,0,0,0,0,0,0,0,0,0,0,0,0,0.229283407,0,3.864706453,0,0,0,0,0,0,0,0,0,0,0,0,0,0,0,0,0,0,0,0,0,0,0,0,0,0,0,0,0,0,0,0,0,7.871225223,12.43637927,10.09062713,6.887273402,5.297218986,12.75940671,18.55254886,5.306699749,0,0,0,0,0,0,0,0,0,0,0,0,0,0,0,0
JS_YC_contig_10511516_fragment_1_121,cysC,High_confidence,Assimilatory_sulphate_reduction,0,0,0,0,0,0,0,0,0,0,0,0,0,0,0,0,0,0,0,0,0,0,0,0,0,0,0,0,0,0,0,0,0,0,5.196218109,0,3.0945297,0,1.086489398,0,0,0,0,0,0,0,0,0,0,0,0,0,0,0,0,0,0,0,0,0,0,3.449870993,0,0,0,0,0,0,0,0,0,0,12.51981842,16.47409842,3.162270077,11.29982818,13.21887124,14.33521769,17.61733482,1.062139868,0,0,0,0,0,0,0,0,0,0,0,0,0,0,0,0
JS_YC_contig_16845322||full_8,cysC,High_confidence,Assimilatory_sulphate_reduction,0,0,0,0,0,0,0,0,0,0,0,0,0,0,0,0,0,0,0,0,0,0,0,0,0,0,0,0,0,0,0,0,0,0,0,0,0,0,0,0,0,0,0,0,0,0,0,0,0,0,0,0,0,0,0,0,0,0,0,0,0,0,0,0,0,0,0,0,0,0,0,0,25.14778734,15.70794727,21.30051918,38.09801343,21.86956563,12.53200178,19.67654794,17.9797976,0,0,0,0,0,0,0,0,0,0,0,0,0,0,0,0
LN_DD_contig_13124762_7,cysC,High_confidence,Assimilatory_sulphate_reduction,0,0,0,0,0,0,0,0,5.71717353,24.93704157,0,0,2.173462226,0,0,36.7756505,0,0,0,0,0,0,0,0,0,0,0,0,0,0,0,0,0,0,0,0,0,0,0,0,0,0,0,0,0,0,0,0,0,0,0,0,0,0,0,0,0,0,0,0,0,0,0,0,0,0,0,0,0,0,0,0,0,0,0,0,0,0,0,0,0,0,0,0,0,0,0,0,0,0,0,0,0,0,0,0
SD_DY_contig_26443273||full_5,cysC,High_confidence,Assimilatory_sulphate_reduction,0,0,0,0,0,0,0,0,0,0,0,0,0,0,0,0,0,0,226.5833463,17.09902926,10.14068189,0,6.019095417,2.673544907,0,0,0,0,0,0,0,0,0,0,0,0,0,0,0,0,0,0,0,0,0,0,0,0,0,0,0,0,0,0,0,0,0,0,0,0,0,0,0,0,0,0,0,0,0,0,0,0,0,0,0,0,0,0,0,0,0,0,0,0,0,0,0,0,0,0,0,0,0,0,0,0
SD_QD_contig_10526744_12,cysC,High_confidence,Assimilatory_sulphate_reduction,0,0,0,0,0,0,0,0,0,0,0,0,0,0,0,0,0,0,0,0,0,0,0,0,0,0,0,0,0,15.49836898,0,0,0,0,0,0,0,0,0,0,0,0,0,0,0,0,0,0,0,0,0,0,0,0,0,0,0,0,0,0,0,0,0,0,0,0,0,0,0,0,0,0,0,0,8.728965279,0,0,1.841368804,4.006050464,0,0,0,0,0,0,0,0,0,21.55947023,12.90229617,0,0,0,0,13.71267237,0.813216825
SD_QD_contig_26354637||full_10,cysC,High_confidence,Assimilatory_sulphate_reduction,0,0,0,0,0,0,0,0,0,0,0,0,0,0,0,0,0,0,0,0,0,0,0,0,0,0,0,0,0,0,0,0,0,0,0,0,0,0,0,0,0,0,0,0,0,0,0,0,0,0,0,0,0,0,0,0,0,0,0,0,0,0,0,0,0,0,0,0,0,0,0,0,0,0,0,0,0,0,0,0,0,0,0,0,0,0,0,0,0,0,46.74395567,0,0,0,0,0
SD_QD_contig_486889||full_7,cysH,High_confidence,Assimilatory_sulphate_reduction,0,0,0,0,0,0,0,0,9.11019715,0,0,3.59064756,0,3.79117073,0,3.162622766,0,0,0,0,0,0,0,0,0,0,0,0,17.96733866,0,0,0,1.040398353,8.362756177,0,1.804323517,3.324047383,3.211185125,0,0,0,0,0,0,0,0,0,0,0,0,0,0,0,0,0,0,3.537351092,3.841310155,0,0,1.233059624,2.423323863,3.245173651,2.237932608,0,0,0,2.778816008,5.994680896,0,0,9.135655641,0,0,0,0,0,0,0,0,0,0,0,0,0,0,0,0,0,14.91588575,0,0,3.448672837,9.264116481,2.39244528,7.875048356
ZJ_WZ_contig_16657118_3,cysC,High_confidence,Assimilatory_sulphate_reduction,0,0,0,0,0,0,0,0,0,0,0,0,0,0,0,0,0,0,0,0,0,0,0,0,0,0,0,0,0,0,0,0,0,0,0,0,0,0,0,0,0,0,0,0,0,0,0,0,0,0,0,0,0,0,0,0,0,2.629275738,4.85274814,0,2.664382283,19.4503631,0,0,0,0,0,0,0,0,0,0,0,0,0,0,0,0,0,0,0,0,0,0,0,0,0,0,0,0,0,0,0,0,0,0
ZJ_WZ_contig_5536068_34,cysC,High_confidence,Assimilatory_sulphate_reduction,0,0,0,0,0,0,0,0,0,0,0,0,0,0,0,0,0,0,0,0,0,0,0,0,0,0,0,0,0,0,0,0,0,0,0,0,0,0,0,0,0,0,0,0,0,0,0,0,0,0,0,0,0,0,0,0,7.583596378,18.75956273,21.75300084,0,9.731456316,25.67744272,11.18556761,10.1259461,0,0,0,0,0,0,0,0,0,0,0,0,0,0,0,0,0,0,0,0,0,0,0,0,0,0,0,0,0,0,0,0
GD_ZH_contig_20689996||0_partial_7,CE1,Low_confidence,Carbohydrates_esterase,0,0,0,0,0,0,0,0,0,0,0,0,0,0,0,0,0,0,0,0,0,0,0,0,0,0,0,0,0,0,0,0,0,0,0,0,2.331377127,0.694229165,0,0,0,0,0,0,0,0,0,0,0,0,0,0,0,0,0,0,0,0,0,0,0,0,0,0,0,0,0,0,0,0,0,0,0,0,0,0,0,0,0,0,17.88569354,0.900572274,23.81114025,5.411180507,7.026247177,13.81969642,17.86468186,13.10610001,0,0,0,0,0,0,0,0
HN_SY_contig_25464271||full_8,CE1,Low_confidence,Carbohydrates_esterase,0,0,0,0,0,0,0,0,0,0,0,0,0,0,0,0,0,0,0,0,0,0,0,0,0,0,0,0,0,0,0,0,0,0,0,0,0,0,0,0,8.545601606,0.225608906,50.08190841,3.23317363,101.4966089,39.62303818,18.34494938,4.68841295,0,0,0,0,0,0,0,0,0,0,0,0,0,0,0,0,0,0,0,0,0,0,0,0,0,0,0,0,0,0,0,0,0,0,0,0,0,0,0,0,0,0,0,0,0,0,0,0
SD_DY_contig_16146024||full_8,CE1,Low_confidence,Carbohydrates_esterase,0,0,0,0,0,0,0,0,0,0,0,0,0,0,0,0,6.162226802,0,7.382596654,11.42880834,18.50434303,47.71361411,7.133742669,40.82678394,0,0,0,0,0,0,0,0,0,0,0,0,0,0,0,0,0,0,0,0,0,0,0,0,0,0,0,0,0,0,0,0,0,0,0,0,0,0,0,0,0,0,0,0,0,0,0,0,0,0,0,0,0,0,0,0,0,0,0,0,0,0,0,0,0,0,0,0,0,0,0,0
HN_SY_contig_997398||full_6,CE1,High_confidence,Carbohydrates_esterase,0,0,0,0,0,0,1.676881687,0.985751221,0,0,0,0,0,0,0,0,0,0,0,0,0,0,0,0,0,1.358056335,0,0,0,0,0,0,0,0,0,0,0,0,0,0,0,5.214535694,12.96370934,5.832112557,12.59485912,15.38179511,11.12396289,5.171512035,0,0,0,0,0,0,0,0,0,0,0,0,0,0,0,0,0,0,0,0,0,0,0,0,0,0,0,0,0,0,0,0,0,0,0,0,0,0,0,0,1.890536126,0.077769844,0,0,0,0,0,0
GD_ZH_contig_13482994||0_partial_2,dsrF,Low_confidence,Dissimilatory_sulphate_reduction,0,0,0,0,0,0,0,0,0,0,0,0,0,0,0,0,0,0,0,0,0,0,0,0,0,0,0,0,0,0,0,0,2.756379995,3.268899403,5.764680075,0,0,0,0,0,0,0,0,0,0,0,0,0,0,0,0,0,0,0,0,0,0,0,0,0,0,0,0,0,0,0,0,0,0,0,0,0,0,0,0,0,0,0,0,0,21.29763098,49.38615273,29.45339579,0,46.23361105,35.1909862,21.50525749,33.43008053,0,0,0,0,0,0,0,0
GD_ZH_contig_13482994||0_partial_3,dsrE,Low_confidence,Dissimilatory_sulphate_reduction,0,0,0,0,0,0,0,0,0,0,0,0,0,0,0,0,0,0,0,0,0,0,0,0,0,0,0,0,0,0,0,0,0,0,0,0,0,0,0,0,0,0,0,0,0,0,0,0,2.419478929,0,0,0,0,0,0,0,0,0,0,0,0,0,0,0,0,0,0,0,0,0,0,0,0,0,0,0,0,0,0,0,40.70549987,34.58938809,24.32968667,31.6233138,43.72301644,23.75123226,11.45259311,21.92207876,0,0,0,0,0,0,0,0
GD_ZH_contig_24844835||full_3,asrB,Low_confidence,Dissimilatory_sulphate_reduction,0,0,0,0,0,0,0,0,0,0,0,0,0,0,0,0,0,0,0,0,0,0,0,0,0,0,0,0,0,0,0,0,0,0,0,0,0,0,0,0,0,0,0,0,0,0,0,0,0,0,0,0,0,0,0,0,0,0,0,0,0,0,0,0,0,0,0,0,0,0,0,0,0,0,0,0,0,0,0,0,5.913703223,6.307431689,9.919805693,11.41958583,8.786698755,1.943101191,13.16590948,0.337611126,0,0,0,0,0,0,0,0
GX_BH_contig_27422001||full_14,dsrC,High_confidence,Dissimilatory_sulphate_reduction,2.808988383,9.805291841,5.555269358,7.654185655,40.42824627,5.315999795,21.0666841,11.72109729,8.84167528,13.67854611,37.17826512,9.011772263,14.20860273,0,30.41640327,7.146139523,0,0,0,0,0,0,0,0,156.4146488,88.82721262,78.44592769,95.43615473,83.16157944,117.4509853,42.82994225,0,10.97799664,0,0,0,0,0,0,0,0,0,0,0,0,0,0,0,0,0,0,0,0,6.059275254,0,5.395534383,12.06469695,6.485191373,0,0,0,0,0,20.97191691,0,0,0,0,15.20534089,0,3.095220979,0,6.57416811,0,0,0,0,0,0,0,0,0,0,0,0,4.197416342,3.238319568,34.80887106,98.3665009,8.380267869,5.641511984,18.47439551,6.307503509,27.84672235,22.89063219,29.90675083
FJ_XM_contig_12391020||full_1,GH5,Low_confidence,Glycoside_hydrolase,0,0,0,0,0,0,0,0,0,0,0,0,0,0,0,0,0,0,0,0,0,0,0,0,0,0,0,0,0,0,0,0,0,0,0,0,0,0,0,0,0,0,0,0,0,0,0,0,0,1.269200921,0,0,0,0,0,1.063663529,0,0,0,0,0,0,0,0,8.30338312,6.841203891,6.896728334,13.16129988,6.354272536,12.4341173,8.472671004,8.985209552,0,0,0,0,0,0,0,0,0,0,0,0,0,0,0,0,0,0,0,0,0,0,0,0
GD_ZH_contig_14568798||full_2,GH95,Low_confidence,Glycoside_hydrolase,0,0,0,0,0.798671065,0,0.143203162,0,0.780632747,4.239114392,4.055471049,1.97217704,1.058431329,3.789044449,4.104951519,4.235290886,0,1.322421039,0,0,0,0,0,0,0,0,0.245679878,0,2.112542085,0.263082732,0,0,0.146270745,0,0,0,0,0,0,0,0,0,0,0,0,0,0,0,5.451262529,1.012019,0.279599729,0.657547795,0,0.627502947,1.456326617,0,0,0,0,0,0,0.18573559,0,0,0,2.997159933,2.807829795,8.398483897,6.289637959,1.742033504,3.385794205,9.731163505,5.567659965,0.722234658,11.23779455,2.432010893,1.206199222,4.651248669,1.582054943,1.31453162,7.248847595,4.257254746,1.096155867,1.281568477,3.852011821,2.665968666,9.237719284,12.8547335,3.262440148,3.47839343,3.534405312,1.749643829,0,0.336781083,0.256653581,0.362507719
GD_ZH_contig_1746028||full_8,GH20,Low_confidence,Glycoside_hydrolase,0,0,0,0,0,0,0.059359491,0.601081922,0,0,0,0,0,0,0,0,0,0,0,0,0,0,0,0,0,0.954601936,0,0,0,0.063703094,0,0,0,0,0,0,0,0,0,0,0,0,0.068039412,0,0,0,0,0,0.064969466,0,0.830779743,5.364829146,1.204445387,0,2.102805031,0.193042385,1.03117057,0,0,0,0,0,0,0,0,0,0.143202353,0,0.046785664,0,0,3.640434473,0,0,0,0,0,0,0,0,32.20030725,38.91343725,24.82942398,15.31686308,23.67285758,21.5751253,15.37312091,21.95636536,0,0,0,0.290196112,0,0,0,0
GD_ZH_contig_21394187||full_2,GH29,Low_confidence,Glycoside_hydrolase,0,0,0,0,0,0,0,0,0,0,0,0,0,0,0,0,0,0,0,0,0,0,0,0,0,0,0,0,0,0,0,0,0,0,0,0,0,0,0,0,0,0,0,0,0,0,0,0,0,0.275855575,0,0,0.030672169,0,0,0,0,0,0,0,0,0,0,0,0,0,0,0,0,0,0,0,0,0,0,0,0,0,0,0,0.903087205,1.412519524,15.97512976,3.082450673,0,7.110547094,1.254473284,8.099436458,0,0,0,0,0,0,0,0
HN_SY_contig_32356321||full_4,GH3,Low_confidence,Glycoside_hydrolase,0.323926743,0,0,0.817251653,0,0,0,0,0,0,0,0,0,0,0,0,0,0,0,0,0,0,0,0,0,0,0,0,0,0,0,0,0,0,0,0,0,0,0,0,3.338451153,8.339577642,7.782953108,3.602378554,15.09651332,4.77566102,0.103684376,11.04250964,0,0,0,0,0,0,0,0,0,0,0,0,0,0,0,0,0,0,0,0,0,0,0,0,0,0,0,0,0,0,0,0,0,0,0,0,0,0,0,0,0,0,0,0,0,0,0,0
JS_YC_contig_10045132||full_1,GH29,Low_confidence,Glycoside_hydrolase,0,0,0,0,0,0,0,0,14.41299744,9.448737167,9.456024147,23.62429102,25.25102323,7.260265,19.24301104,20.4667388,0,0,0,0,0,0,0,0,4.041405372,0,0,0,16.50269398,0,0,0,0,0,1.629211781,3.109259611,0,0,0,0,0,0,0,0,0,0,0,0,0,0,0,0,0,0,0,0,0,0,0,0,0.190083759,0,0,0,0,0,0,0,0,0,0,0,14.69593634,6.13274109,18.61164496,21.84345053,18.70825917,28.7996137,38.98184767,21.94229664,0,0,0,0,0,0,0,0,1.814151416,0,0,0,0,1.721847597,0,4.406119608
LN_DD_contig_25077539||full_3,GH5,Low_confidence,Glycoside_hydrolase,0,0,0,0,0,0,0,0,11.52686005,0,5.31942379,2.110705578,9.466730467,3.192265262,8.199573037,4.812494752,0,0,0,0,0,0,0,0,0,0,0,0,0,0,0,0,0,0,0,0,0,0.76743419,1.927677547,0,0,0,0,0,0,0,0,0,0,0,0,0,0,0,0,0,0,0,0,0,0,0,0,0,0,0,0.060675028,0,0,0,0,0,0,1.14597149,3.973557365,1.615931184,0,2.274602088,0,0,0,0,0,0,0,0,0,0,0.981374998,0.814826291,0.928108051,0,2.416844326,0.046865042,0,10.43462475
LN_DD_contig_8070543||full_1,GH13,Low_confidence,Glycoside_hydrolase,0,0,0,0,0.50362278,0.518926451,0,0.388490608,5.176031417,2.332390367,10.34191242,3.728606373,3.172446141,19.26952156,4.535948558,9.55983871,0,3.828609556,0,0,0,0,0,0,22.36151909,27.17954156,25.11450651,24.22080448,18.5107605,50.99910312,62.02872367,15.87252545,0,0,0,0,0,0,0,0,0,0,0,0,0,0,0,0,0,0,0,0,0,0,0,0,0,0,0.524023044,0,1.200625822,0,0.405904974,0,0,1.099799357,0,0,0,0,0,0,0.153648092,0,1.129878916,2.006407045,1.786581633,5.585762053,0.513829919,2.759234133,0,0,0,0,0,0,0,0,8.498796921,11.56349749,9.782712604,9.352796524,8.344715287,15.32872765,10.29211765,7.589496536
SD_DY_contig_3262367||full_1,GH13,Low_confidence,Glycoside_hydrolase,0,0,0,0,0,0,0,0,0,0,0,0,0,0,0,0,20.88276163,0,8.740369933,3.778275465,5.726580246,7.085991099,16.93710604,6.354897381,0,0,0,0,0,0,0,0,0,0,0,0,0,0,0,0,0,0,0,0,0,0,0,0,0,0,0,0,0,0,0,0,0,0,0,0,0,0,0,0,0,0,0,0,0,0,0,0,0,0,0,0,0,0,0,0,0,0,0,0,0,0,0,0,0,0,0,0,0,0,0,0
SD_QD_contig_17038203||full_4,GH13,Low_confidence,Glycoside_hydrolase,0,0,0,0,0,0,0,0,0,0,0,0,0,0,0,0,0,0,0,0,0,0,0,0,0,0,0,0,0,0,0,0,0,0,0,0,0,0,0,0,0,0,0,0,0,0,0,0,0,0,0,0,0,0,0,0,0,0,0,0,0,0,0,0,0,0,0,0,0,0,0,0,0,0,0,0,0,0,0,0,0,0,0,0,0,0,0,0,0.188826377,1.818351325,11.0339114,31.9220846,0,1.401166044,5.304807308,0.610901098
SD_QD_contig_19111385||full_3,GH97,Low_confidence,Glycoside_hydrolase,0,0,0,0,0,0,0,0,0,0,2.919004965,0.438628843,2.510213752,0,1.651702092,0.879063599,0,0,0,0,0,0,0,0,1.911065236,0.402052048,0,6.779952708,5.947270672,0,1.741327228,0,7.500310224,0.420883074,0.093481297,0,2.503921225,2.401861427,4.242228126,0.485216625,0,0,0,0,0,0,0,0,0,0,0,0,0,0,0,0,0,0,0.887949907,0,0,0,0,0.768728211,0,0,0,0,0,0,0,0,21.46590364,19.47045345,22.06542311,16.42165872,19.93229913,12.57264685,13.61382925,21.69355917,0,0,0,0,0,0,0,0,0.425045619,6.924136047,0,0.727356647,7.886614322,19.72226632,3.274634263,3.470657557
ZJ_NB_contig_27423571||full_4,GH8,Low_confidence,Glycoside_hydrolase,0,0,0,0,0,0,0,0,0,0,0,0,0,0,0,0,0,0,0,0,0,0,0,0,0,0,0,0,0,0,0,0,1.687353148,0,6.033867509,10.45789925,0,3.711406389,9.780456597,3.687015141,0,0,0,0,0,0,0,0,0,0,0,0,0,0,0,0,0,0,0,0,0,0,0,0,0,0,0,0,0,0,0,0,0,0,0,0,0,0,0,0,0,0,0,0,0,0,0,0,0,0,0,0,0,0,0,0
JS_YC_contig_23437866_65,GH13,High_confidence,Glycoside_hydrolase,0,0,0,0,0,0,0,0,0,0,0,0,0,0,0,0,0,0,0,0,0,0,0,0,0,1.666797877,0,0,0,0,0,0,0,0,0,0,0,0,0,0,0,0,0,0,0,0,0,0,0,0,0,0,0,0,0,0,0,0,0,0,0,0,0,0,0,0,0,0,0,0,0,0,12.75774626,6.186854599,15.46023043,23.85966261,6.446174731,23.66626215,12.02577807,10.98224158,0,0,0,0,0,0,0,0,0,0,0,0,0,0,0,0
SD_DY_contig_26989810_27,amoC/pmoC,Low_confidence,Nitrification/Aerobic_oxidation_of_methane,0,0,0,0,0,0,0,0,0,0,0,0,0,0,0,0,0,0,2.459536454,1.928589662,9.394572204,2.90699123,55.83581537,0,0,0,0,0,0,0,0,0,0,0,0,0,0,0,0,0,0,0,0,0,0,0,0,0,0,0,0,0,0,0,0,0,0,0,0,0,0,0,0,0,0,0,0,0,0,0,0,0,0,0,0,0,0,0,0,0,0,0,0,0,0,0,0,0,0,0,0,0,0,0,0,0
ZJ_WZ_contig_9427673_3,amoC/pmoC,High_confidence,Nitrification/Aerobic_oxidation_of_methane,0,0,0,0,0,0,0,0,0,0,0,0,0,0,0,0,0,0,0,0,0,0,0,0,0,0,0,0,0,0,0,0,7.382058681,0,1.257413097,0,2.974328848,9.258953676,2.525765166,2.181558344,0,0,0,0,0,0,0,0,0,0,0,0,0,0,0,0,9.231808457,3.274860325,40.10106493,0,16.68022043,1.147074389,10.16313657,6.425993286,0,0,0,0,0,0,0,0,0,0,0,0,0,0,0,0,0,0,0,0,0,0,0,0,0,0,0,0,0,0,0,0
FJ_XM_contig_22852056||full_2,glnA,Low_confidence,Organic_degradation_and_synthesis,0,0,0.123450435,0,0,1.550500032,0.617338715,0,0,0,0,1.269263782,0,0,6.721980801,0,0,0,0,0,0,0,0,0,1.282908893,0,6.172426436,2.500057482,4.101090946,25.16511317,0,38.11667115,0,0,0,0,0,0,0,0,0,0,0,0,0,0,0,0,0,0,0.664623766,0,0,0,0,0,0,0,0,0,0,0,0,0,9.328837973,12.4551169,1.418385342,12.72625786,0.371686091,6.693702201,6.555849641,6.63765906,0,0,0,0,0,0,0,0,0,0,0,0,0,0,0,0,0,0,0,0,0,0,0,0
GD_ZH_contig_5751759||full_9,glnA,Low_confidence,Organic_degradation_and_synthesis,55.76690422,45.59016906,54.41302126,64.83241463,36.76753905,48.78990002,68.90376426,32.12194127,199.8546861,145.449947,185.0884635,166.088299,212.3906258,180.9022044,183.3626673,174.020533,3.912233508,68.92148732,9.694113205,0,6.68995685,0,0,0,135.1624248,126.8205704,129.5927807,220.6113256,280.5809637,70.72386366,135.2621616,0,60.88470768,27.01774525,58.27071644,56.1627117,71.18315231,68.43280829,27.61382106,62.2080385,0,0,0,0,0,0,0,0,61.21356649,43.25805363,36.03976986,42.29931207,21.61010038,18.26993335,15.73077283,18.58857669,40.02498808,55.66010848,54.61800936,61.41238039,84.15170488,66.84916748,55.84077699,15.01254916,80.60423128,81.02101173,118.0568626,90.4782841,83.12614251,125.3551913,79.61348154,73.60809822,178.2627706,103.5331155,161.8865116,128.5704587,132.1993997,110.0553924,140.5448084,86.20141115,2.154044553,29.16445911,6.762659562,30.60251865,20.2276277,28.02282822,32.37902526,34.20246289,306.623967,308.9668188,120.2078983,147.990593,284.3261781,337.5395948,286.9821726,253.0108103
SD_DY_contig_7462955||full_3,ncd2_npd,Low_confidence,Organic_degradation_and_synthesis,0,0,0,0,0,0,0,0,0,0,0,0,0,0,0,0,12.47404397,0,3.429622926,5.031575943,9.340188221,7.520782046,0,0,0,0,0,0,0,0,0,0,0,0,0,0,0,0,0,0,0,0,0,0,0,0,0,0,0,0,0,0,0,0,0,0,0,0,0,0,0,0,0,0,0,0,0,0,0,0,0,0,0,0,0,0,0,0,0,0,0,0,0,0,0,0,0,0,0,0,0,0,0,0,0,0
SD_QD_contig_15901308_6,glnA,Low_confidence,Organic_degradation_and_synthesis,0,0,0,0,0,0,0,0,0,0,0,0,0,0,0,0,0,0,0,0,0,0,0,0,0,0,0,0,0,0,0,0,0,0,0,0,0,0,0,0,0,0,0,0,0,0,0,0,0,0,0,0,0,0,0,0,0,0,0,0,0,0,0,0,0,0,0,0,0,0,0,0,0,0,0,0,0,0,0,0,0,0,0,0,0,0,0,0,9.686068722,40.75382549,24.30975708,10.17284526,11.70321411,12.47589395,11.79036006,12.29424957
ZJ_NB_contig_13757749_5,glnA,Low_confidence,Organic_degradation_and_synthesis,0,0,0,0,0,0,0,0,0,0,0,0,0,0,0,0,0,0,0,0,0,0,0,0,0,0,0,0,0,0,0,0,8.626134688,7.638454021,10.81293993,7.264069485,3.650907402,0.634353109,3.014537147,1.413311982,0,0,0,0,0,0,0,0,0,0,0,0,0,0,0,0,0,0,0,0,0,0,0,0,0,0,0,0,0,0,0,0,0,0,0,0,0,0,0,0,0,0,0,0,0,0,0,0,0,0,0,0,0,0,0,0
ZJ_WZ_contig_9594821||full_32,glnA,Low_confidence,Organic_degradation_and_synthesis,0,0,0,0,0,0,0,0,0,0,0,0,0,0,0,0,0,0,0,0,0,0,0,0,0,0,0,0,0,0,0,0,0.812329801,0,6.614252228,7.185798444,4.359902351,4.835558477,15.13105219,0,0,0,0,0,0,0,0,0,0,0,0,0,0,0,0.590166864,0,0,8.84876614,0.558737038,3.214400287,3.060510408,1.800369788,7.929928695,8.585149225,0,0,0,0,0,0,0,0,5.111991794,0,0,0,1.872541367,0.723921289,1.281621384,1.955595251,0,0,0,0,0,0,0,0,0,0,0,0,0,0,0,0
GD_ST_contig_5157246_27,glnA,High_confidence,Organic_degradation_and_synthesis,0,0,0,0,0,0,0,0,0,0,0,0,0,0,0,0,0,0,0,0,0,0,0,0,0,0,0,0,0,0,0,0,0,0,0,0,0,0,0,0,2.110043057,0,0,0,0,0,0,0,29.6666844,7.204547172,11.2362959,7.123912469,3.638133432,1.865185102,0,0.669213554,0,0,0,0,0,0,0,0,30.27207842,4.839248834,6.138948836,2.910071165,2.728513782,30.04867929,1.945260394,20.47329911,0,0,0,0,0,0,0,0,0,0,0,0,0,0,0,0,0,0,0,0,0,0,0,0
GD_ZH_contig_4327156_17,glnA,High_confidence,Organic_degradation_and_synthesis,0,0,0,0,0,0,0,0,0,0,0,0,0,0,0,0,0,0,0,0,0,0,0,0,0,0,0,0,0,0,0,0,0,0,0,0,0,0.565101036,0,0,0,0,0,0,0,0,0,0,0,0,0,0,0,0,0,0,0,0,0,0,0,0,0,0,0,0,0,0,0,0,0,0,0,0,0,0,0,0,0,0,9.677283463,1.107740906,15.9375837,0,1.497240956,14.61639724,0.746642018,3.057024921,0,0,0,0,0,0,0,0
LN_DD_contig_20887777||0_partial_1_16,glnA,High_confidence,Organic_degradation_and_synthesis,0,0,0,0,0,0,0,0,4.699366386,26.96569689,11.78501146,16.86190923,8.837721685,31.48716496,8.933969074,14.45161226,0,0,0,0,0,0,0,0,0,2.644086668,0,0,0,0,0,0,0,0,0,0,0,0,0,0,0,0,0,0,0,0,0,0,0,0,0,0,0,0,0,0,0.405449857,0,0,0,0,0,0,0,0,0,0,0,0,0,0,0,0,1.929176767,0,0,0,0,0,1.718711537,0,0,0,0.476274825,0,3.48901157,0.473808762,7.669072747,0,0,0,0,0,0,0,0
ZJ_NB_contig_15696408||full_45,glnA,High_confidence,Organic_degradation_and_synthesis,0,0,0,0,0,0,0,0,0,0,0,0,0,0,0,0,0,0,0,0,0,0,0,0,0,0,0,0,0,0,0,0,16.07755514,0.526464131,10.10227797,49.4685566,13.76942187,4.621230844,1.407371868,0,0,0,0,0,0,0,0,0,0,0,0,0,0,0,0,0,1.906524725,0,0.558196687,0,0,9.443600039,0.238506819,0,0,0,0,1.614704872,0,0,0,0,0,0,0,0,0,0,0,0,0,0,0,0,0,0,0,0,0,0,0,0,0,0,0,0
ZJ_NB_contig_22046536_32,glnA,High_confidence,Organic_degradation_and_synthesis,0,0,0,0,0,0,0,0,0,0,0,0,0,0,0,0,0,0,0,0,0,0,0,0,0,0,0,0,0,0,0,0,28.97175406,4.191142854,12.18144334,10.16288263,8.963072585,6.096176259,43.24066036,14.13379389,0,0,0,0,0,0,0,0,49.43608449,4.975322118,9.429760512,0.436415409,0.71202482,0.637304408,11.05905092,0,39.20069289,63.03280687,39.74293115,71.46278404,35.84060743,59.39706857,23.18199937,45.74973864,21.72684965,0,5.080005093,1.582435789,10.15833962,38.62746962,9.727317024,30.89789022,4.114447942,6.834959174,8.958219941,0,9.343075687,12.84556678,12.15950012,2.627907647,0,0,0.478956718,0,3.731445906,0,0,0,0,0,0,0,0,0,0,0
ZJ_NB_contig_26260114_6,glnA,High_confidence,Organic_degradation_and_synthesis,0,0,0,0,0,0,0,0,0,0,0,0,0,0,0,0,0,0,0,0,0,0,0,0,0,0,0,0,0,0,0,0,7.269041538,0.466769118,4.903585803,8.832189571,0,9.101619239,4.092954165,14.24065598,0,0,0,0,0,0,0,0,0,0,0,0,0,0,0,0,0,7.75998062,5.918221946,11.3304479,3.51951919,3.538929114,1.83311898,3.276941054,0,0,0,0,0,0,0,0,0,0,0,0,0,0,0,0,0,0,0,0,0,0,0,0,0,0,0,0,0,0,0,0
ZJ_NB_contig_28142080_6,glnA,High_confidence,Organic_degradation_and_synthesis,0,0,0,0,0,0,0,0,0,0,0,0,0,0,0,0,0,0,0,0,0,0,0,0,0,0,0,0,0,0,0,0,14.78348305,7.256951353,11.53340783,20.96074763,8.740270318,25.04077282,31.70526134,55.08184545,0,0,0,0,0,0,0,0,0,0,0,0,0,0,0,0,4.504491986,10.73085077,4.372980305,18.46952111,5.447767895,18.65823184,3.093687915,17.16457544,0,0,0,0,0,0,0,0,0,0,0,0,0,0,0,0,0,0,0,0,0,0,0,0,0,0,0,0,0,0,0,0
ZJ_NB_contig_28731407_17,glnA,High_confidence,Organic_degradation_and_synthesis,0,0,0,0,0,0,0,0,0,0,0,0,0,0,0,0,0,0,0,0,1.191088692,0,0,0,0,0,0,0,0,0,0,0,30.53134925,20.95096194,21.48739045,39.63552974,31.19805991,17.67552147,23.7763511,23.90383584,0,0,0,0,0,0,0,0,0,0,0,0,0,0,0,0,24.81861939,7.0224706,9.809355521,14.91714693,5.729454091,17.49204358,13.46222174,17.91865471,0,0,0,0,0,0,0,0,1.67603262,0,19.47050969,10.84536357,19.10988544,11.39052295,13.41846717,3.147548462,0,0,0,0,0,0,0,0,0,0,0,0,0,0,0,0
GX_BH_contig_24636524_1,glpQ,Low_confidence,Organic_phosphoester_hydrolysis,45.45911767,37.98245548,46.1705909,44.84840702,41.23370198,20.37311625,17.9442321,22.03451136,0,0,0,0,0,0,0,0,0,0,0,0,0,0,0,0,0,0,0,0,0,0,0,0,0,0,0,0,0,0,0,0,0,0,0,0,0,0,0,0,0,0,0,0,0,0,0,0,0,0,0,0,0,0,0,0,0,0,0,0,0,0,0,0,0,0,0,0,0,0,0,0,0,0,0,0,0,0,0,0,0,0,0,0,0,0,0,0
JS_YC_contig_27285463||full_4,glpQ,Low_confidence,Organic_phosphoester_hydrolysis,0,0,0,0,0,0,0,0,0,0,0,0.693989296,0,0,0,0.737219009,0,0,0,0,0,0,0,0,0,0,0,0,0,0,0,0,0,0,0,0,0,0,0,0,0,0,0,0,0,0,0,0,0,0,0,0,0,0,0,0,0,2.056840563,0,0,0,0,0.522848659,0,0,0,0,0,0,0,0,0,11.15377567,0,4.889256559,0,3.518516739,13.24732196,4.098074372,6.168299927,0,0,0,0,0,0,0,0,0,0.516910164,0,0,0,0,0,0
JS_YC_contig_4113688||full_2,phoX,Low_confidence,Organic_phosphoester_hydrolysis,0,0,0,0,0,0,0,0,0,0,0,0,0,0,0,0,0,0,0,0,0,0,0,0,0,0,0,0,0,0,0,0,1.097872556,0,0,0.714479084,0,1.709882529,2.132267405,0.602949721,0,0,0,0,0,0,0,0,0,0,0,0,0,0,0,0,0.489590359,0,0.087770636,0.390323515,0,0.057382894,0.142510354,0.066875441,0,0,0,0,0,0,0,0,7.757929739,5.939701515,5.476159155,3.862702,6.362394351,9.681485059,4.331304026,7.264023661,0,0,0,0,0,0,0,0,0,0,0,0,0,0,0,0
SD_QD_contig_31470077||0_partial_8,phoA,Low_confidence,Organic_phosphoester_hydrolysis,0.268714056,1.077653025,0.770900631,0.921632993,2.113836036,0,5.239004786,5.261254552,0,0.57820928,0,0.523120312,0,0.506923035,0,0,0,0,0,0,0,0,0,0,2.14501865,9.563802629,9.173296,5.666943052,0.915087529,3.96544377,0,0,0,0,1.33540966,0,0,0,0,0,1.241755887,8.59151538,6.8302871,2.892519449,0.615028443,3.31041258,5.689378512,1.877637326,5.496794702,11.30063447,2.75477543,11.88571185,4.28607922,0.509652674,7.144035893,7.945290307,0.517958393,0,11.04324243,1.041172991,5.134880664,3.506618452,2.146068227,1.526166454,14.11402558,59.60737762,63.59300278,54.64780395,37.95782014,28.75500349,56.4391244,24.90208075,0,0,0,0,0,0,0,0,0.549677391,7.063907228,2.742089237,6.820021523,2.054584364,0,1.555035485,0.551780458,19.53167847,8.955149051,0,1.62966794,7.507948143,13.31681669,20.98068381,25.96620246
ZJ_WZ_contig_13692288_5,phoN,Low_confidence,Organic_phosphoester_hydrolysis,0,0,0,0,0,0,0,0,0,0,0,0,0,0,0,0,0,0,0,0,0,0,0,0,0,0,0,0,0,0,0,0,4.716472312,2.46378168,10.70949425,0,6.396642961,6.581905222,17.36017908,5.445340814,0,0,0,0,0,0,0,0,0,0,0,0,0,0,0,0,7.38164711,2.263812198,0,0,8.943792558,14.27837832,4.031320559,2.939196338,0,0,0,0,0,0,0,0,0,0,0,0,0,0,0,0,0,0,0,0,0,0,0,0,0,0,0,0,0,0,0,0
ZJ_WZ_contig_7003658_2,phy,Low_confidence,Organic_phosphoester_hydrolysis,0,0,0,0,0,0,0,0,0,0,0,0,0,0,0,0,0,0,0,0,0,0,0,0,0,0,0,0,0,0,0,0,0,0,0,0.938186912,0,0,0,3.445189073,0,0,0,0,0,0,0,0,0,0,0,0,0,0,0,0,7.544545821,0,2.771305943,13.69359255,2.503687269,3.567042094,0,16.30600445,0,0,0,0,0,0,0,0,0,0,0,0,0,0,0,0,0,0,0,0,0,0,0,0,0,0,0,0,0,0,0,0
GD_ZH_contig_19470049||full_9,phoA,High_confidence,Organic_phosphoester_hydrolysis,1.754924943,5.748833643,0.897258745,0,1.76681558,2.575839662,0.874949981,1.695383923,0,0,0,0,0,0,0,0,0,0,0,0,0,0,0,0,0,0,0,0,0,0,0,0,0,0,0,0,0,0,0,0,0,0,0,0,0,0,0,0,5.16573212,5.779831603,10.92319192,9.77867661,29.58221208,7.972111183,4.004766574,15.48562696,0,0,0,0,0,0,0,0,0,0,0,0,0,0,0,0,0,0,0,0,0,0,0,0,9.12163917,12.44211587,31.67227847,13.87682226,12.32813939,10.6378454,12.1622081,1.732055079,0,0,0,0,0,0,0,0
GD_ST_contig_89321||full_2,atpC,Low_confidence,Oxidative_phosphorylation,10.44671893,6.267028758,7.083837182,7.623417006,11.87756638,7.374664016,9.59517794,11.03380299,9.296099161,3.269654623,0,0,0,6.615104776,29.95079474,7.213247895,0,0,0,0,0,0,0,0,0,0,0,6.596171003,0,0,0,0,0,0,0,0,0,0,0,0,0,0,0,0,0,0,0,0,23.41980254,17.52753653,12.27733093,16.91997991,6.476344781,0,38.82340086,11.23224571,0,0,0,0,0,0,0,0,41.65517723,77.04172689,72.3352265,46.99720222,51.97495052,52.95088955,79.95869642,35.30677442,0,0,0,0,0,0,0,0,0,0,0,4.36328622,0,0,0,0,0,0,0,0,0,0,0,0
SD_DY_contig_17798465||full_1_1,atpG,Low_confidence,Oxidative_phosphorylation,0,0,0,0,0,0,0,0,0,0,0,0,0,0,0,0,30.90464305,0,125.2967835,53.47595852,131.7483178,73.60593964,78.65111618,65.06249502,0,0,0,0,0,0,0,0,0,0,0,0,0,0,0,0,0,0,0,0,0,0,0,0,0,0,0,0,0,0,0,0,0,0,0,0,0,0,0,0,0,0,0,0,0,0,0,0,0,0,0,0,0,0,0,0,0,0,0,0,0,0,0,0,0,0,0,0,0,0,0,0
ZJ_NB_contig_16519706||full_14,ppa,Low_confidence,Oxidative_phosphorylation,0,0,0,0,0,0,0,0,0,0,0,0,0,0,0,0,0,0,0,0,0,0,0,0,0,0,0,0,0,0,0,0,0,0,4.825653476,5.962830422,16.13318811,0.615877945,15.06442419,12.3966673,0,0,0,0,0,0,0,0,0,11.78458592,5.045811198,0,0,0,0,0,4.309272004,7.540564671,0,8.616197593,1.77188337,7.010873679,6.07509874,8.79464091,2.858496672,0,0,0,0,0,0,0,0,0,0,0,0,0,0,0,0,0,0,0,0,0,2.700054307,0,0,0,0,0,0,0,0,0
ZJ_WZ_contig_8260340_2,ndhD,High_confidence,Oxidative_phosphorylation,0,0,0,0,0,0,0,0,0,0,0,0,0,0,0,0,0,0,0,0,0,0,0,0,0,3.63576908,0,0,0,0,0,0,5.656295635,1.771342333,6.57307218,3.217181257,3.00036051,6.741371376,2.97742689,7.006411428,0,0,0,15.85162897,0,1.954867005,3.064691694,1.571036031,0,0,0,0,0,0,0,0,8.732600002,9.800583329,1.408582355,8.946826883,1.377770918,10.68337737,4.971423965,12.4228489,0,0,0,0,0,0,0,0.073591989,0,0,0,0,0,0,0,0,0,0,0,0,0,0,0,0,3.313172242,14.01152283,2.537648219,1.532814636,0.069034983,0,0.718526123,1.051160768
GD_ZH_contig_13687019||full_2,gnl,Low_confidence,Pentose_phosphate_pathway,0,0,0,0,0,0,0,0,0,0,0,0,0,0,4.277131533,0,0,0,0,0,0,0,0,0,0,0,0,1.993140903,0,0,0,0,0,0,0,0,0,0,0,0,0,0,0,0,0,0,0,0,0,0,0,0,0.522840875,0,0,0,0.703060904,0,0,0,1.926721329,0,0,0,1.853461412,2.394330013,0,2.680276352,0,1.883660303,1.952257446,0,0,0,0,1.775423122,0,0,0,0,0,11.37940106,10.0979562,14.62524437,12.35492785,18.14678207,16.20237656,14.31854285,0,0,4.053984412,0,0,0,5.13160143,0
GD_ZH_contig_20370314||full_1,deoB,Low_confidence,Pentose_phosphate_pathway,0,0,0,0,0,0,0,0,0,0,0,0,0,0,0,0,0,0,0,0,0,0,0,0,0,0,0,0,0,0,0,0,0,0,0,0,0,0,0,0,0,0,0,0,0,0,0,0,0,0,0,0,0,0,0,0,0,0,0,0,0,0,0,0,0,0,0,0,0,0,0,0,0,0,0,0,0,0,0,0,0,0,0,0,0,0,0,0,0,0,0,0,0,0,0,0
GD_ZH_contig_20709471||0_partial_4,deoB,Low_confidence,Pentose_phosphate_pathway,0,0,0,0,0,0,0,0,0,0,0,0,0,0,0,0,0,0,0,0,0,0,0,0,0,0,0,0,0,0,0,0,0,0,0,0,0,0,0,0,0,0,0,0,0,0,0,0,0,0,0,0,0,0,0,0,0,0,0,0,0,0,0,0,0,0,0,0,0,0,0,0,0,0,0,0,0,0,0,0,13.68340171,25.51972118,30.90148148,11.00726413,6.065996906,6.894416292,11.21962494,11.09143758,0,0,0,0,0,0,0,0
GD_ZH_contig_21213122||full_2,gnd,Low_confidence,Pentose_phosphate_pathway,0,0,0,0,0,0,0,0,0,0,0,0,0,0,0,0,0,0,0,0,0,0,0,0,0,0,0,0,0,0,0,0,0,0,0,0,0,0,0,0,0,0,0,0,0,0,0,0,0,0,0,0,0,0,0,0,0,0,0,0,0,0,0,0,0,0,0,0,0,0,0,0,0,0,0,0,0,0,0,0,9.855455864,13.90789134,5.678137656,5.657025984,10.61266177,0,9.116930997,8.74043873,0,0,0,0,0,0,0,0
LN_DD_contig_18225122||full_10,gnl,Low_confidence,Pentose_phosphate_pathway,0,0,0,0,0,0,0,0,6.558409315,2.851745998,3.402291642,1.677029545,0,7.280913918,6.228168391,9.68402044,0,0,0,0,0,0,0,0,0,0,0,0,0.918444269,0,0,0,0.635360089,0,0,0,0,0,0,0,0,0,0,0,0,0,0,0,0,0,0,0,0,0,0,0,0,0,0,0,3.549828954,0.956873224,0,0,0,0,0,0,0,0,0,0,1.375260397,0.410231771,0,0,0,1.38408356,0,0.048730289,0,0,0,0,0,0,0,0,2.953065866,1.330103282,0,0.541305868,6.303819407,9.410566072,8.500600337,14.81745736
SD_QD_contig_10747929_8,prsA,Low_confidence,Pentose_phosphate_pathway,0,0,0,0,0,0,1.372998492,0,0,0,0,0,0,0,0,0,0,0,0,0,0,0,0,0,3.042085621,0,0,0,0,0,3.762731055,0,0,0,0,2.43766632,0,0,1.523652635,0,0,0,0,0,0,0,0,0,0,0,0,0,0,0,0,0,2.005869155,1.602606158,14.23565632,0,0,14.27756845,0,4.186354438,2.623998595,0,0,0,0,0,0,0,0,0,0,0,0,1.748826791,0,0,0.790994431,0.268749705,0,0,0.858712402,0,0,0,24.40013617,11.56440767,0.230958326,2.535500237,13.38292538,2.277570538,12.07123827,8.815759779
ZJ_NB_contig_15990945||full_1,prsA,Low_confidence,Pentose_phosphate_pathway,0,0,0,0,0,0,0,0,0,0,0,0,0,2.272180554,0,0,0,0,0,0,0,0,0,0,0,0,0,0,0,0,0,0,4.069967534,1.747953181,22.41019361,10.79487498,31.35137766,17.34401159,10.03238928,37.50897747,0,0,0,0,0,0,0,0,0,2.32753164,4.291496564,0,0,0,2.280304138,16.58157181,13.37713212,5.454224068,2.274517969,0,14.69246563,16.66035156,0,32.56064165,0,0,0,0,0,0,0,0,4.879854849,0,0,0,0,0,0,0,45.40187566,73.92073552,40.46642513,69.83677306,46.8203296,65.21272144,70.19387991,26.71444073,0,0,0,0,0,0,0,0
GD_ZH_contig_26133001_40,prsA,High_confidence,Pentose_phosphate_pathway,0,0,0,0,0,0,0,0,0,0,0,0,0,0,0,0,0,0,0,0,0,0,0,0,0,0,0,0,0,0,0,0,0,0,0,0,0,0,0,0,0,0,0,0,0,0,0,0,0,0,0,0,0,0,0,0,0,0,0,0,0,0,0,0,0,0,0,0,0,0,0,0,0,0,0,0,0,0,0,0,6.086734251,1.478450322,46.0681936,1.788721389,14.21409887,15.52435689,22.90914352,8.003108608,0,0,0,0,0,0,0,0
HN_SY_contig_7214421_1_2,prsA,High_confidence,Pentose_phosphate_pathway,0,0,0,0,0,0,0,0,0,0,0,0,0,0,0,0,0,0,0,0,0,0,0,0,0,0,0,0,0,0,0,0,0,0,0,0,0,0,0,0,0,7.136886957,0,8.754638891,10.80737588,27.29953358,2.516803284,17.53739804,0,0,0,0,0,0,0,0,0,0,0,0,0,0,0,0,0,0,0,0,0,0,0,0,0,0,0,0,0,0,0,0,0,0,0,0,0,0,0,0,0,0,0,0,0,0,0,0
JS_YC_contig_14236451_18,prsA,High_confidence,Pentose_phosphate_pathway,0,0,0,0,0,0,0,0,0,0,0,0,0,0,0,0,0,0,0,0,0,0,0,0,0,0,1.687545655,0,0,0,0,0,0,0,4.305717778,0,0,0,2.425918154,0,0,0,0,0,0,0,0,0,0,0,0,0,0,0,0,0,0,0,3.294774846,0,0,0,0.650127381,0,0,0,0,0,0,0,0,0,3.142094585,6.02123472,7.210587124,10.58910046,6.152783851,8.401469633,0.572100605,5.310699342,0,0,0,0,0,0,0,0,0,0,0,0,0,0,0,0
LN_DD_contig_20887777||0_partial_1_19,prsA,High_confidence,Pentose_phosphate_pathway,0,0,0,0,0,0,0,0,9.481705819,23.64593042,7.284792244,14.02234214,8.132510465,12.53873821,13.45557702,16.32810585,0,0,0,0,0,0,0,0,1.55018153,1.6313466,0,2.846150114,0,0,10.54312034,0,0,0,0,0,0,0,0,0,0,0,0,0,0,0,0,0,0,0,0,0,0,0,0,0,0,0,0,0,0,0,0,0,0,0,0,0,0,0,0,0,0.442969416,0,0,0,0,0,0,1.324226376,1.879556235,4.744168358,0,5.250328213,0,1.705973273,5.129538373,0,0,0,0,0,0,0,0,0
SD_DY_contig_12068191||full_3,gnd,High_confidence,Pentose_phosphate_pathway,0,0,0,0,0,0,0,0,0,0,0,0,0,0,0,0,0.814543555,0,0,0,6.33251082,11.89668327,13.81084715,14.31374831,0,0,0,0,0,0,0,0,0,0,0,0,0,0,0,0,0,0,0,0,0,0,0,0,0,0,0,0,0,0,0,0,0,0,0,0,0,0,0,0,0,0,0,0,0,0,0,0,0,0,0,0,0,0,0,0,0,0,0,0,0,0,0,0,0,0,0,0,0,0,0,0
SD_DY_contig_8815207_62,prsA,High_confidence,Pentose_phosphate_pathway,0,0,0,0,0,0,0,0,0,0,0,0,0,0,0,0,570.9961324,0,0,1113.662759,0,0,0,0,0,0,0,0,0,0,0,0,0,0,0,0,0,0,0,0,0,0,0,0,0,0,0,0,0,0,0,0,0,0,0,0,0,0,0,0,0,0,0,0,0,0,0,0,0,0,0,0,0,0,0,0,0,0,0,0,0,0,0,0,0,0,0,0,0,0,0,0,0,0,0,0
ZJ_NB_contig_16173663_13,prsA,High_confidence,Pentose_phosphate_pathway,0,0,0,0,0,0,0,0,0,0,0,0,0,0,0,0,0,0,0,0,0,0,0,0,0,0,0,0,0,0,0,0,0,0,28.23648783,17.20248604,4.310112657,10.75408804,15.60225881,7.373249679,0,0,0,0,0,0,0,0,0,0,0,0,0,0,0,0,0,0,0,0,0,0,0,1.665691446,0,0,0,0,0,0,0,0,0,0,0,0,0,0,0,0,0,0,0,0,0,0,0,0,0,0,0,0,0,0,0,0
ZJ_NB_contig_3257787||full_19,gnd,High_confidence,Pentose_phosphate_pathway,0,0,0,0,0,0,0,0,2.012571601,0,0,0,0,0,0,0,0,5.292964487,0,0,0,0,0,0,0,1.787219475,0,0,0,0,0,0,10.36869842,4.616041886,11.29773019,13.21955611,8.680954286,25.8619354,23.496086,36.09954202,0,0,0,0,0,0,0,0,0,0,0,0,0,0,0,0,6.545110625,2.693086115,26.7221564,15.03075233,31.56976688,2.567345878,18.03941433,102.6986293,0,0,0,0,0,0,0,0,0,2.016413487,0,0,0,1.032999626,3.183728307,1.841341948,0,0,0,0,0,0,0,0,10.01671309,4.24100697,0.474514121,0,2.717768061,13.35145041,6.940646815,3.876964246
ZJ_WZ_contig_12535480_13,prsA,High_confidence,Pentose_phosphate_pathway,0,0,0,0,0,0,0,0,0,0,0,0,0,0,0,0,0,0,0,0,0,0,0,0,0,0,0,0,0,0,0,0,0,0.885629635,8.740215266,2.329946711,0,5.661617287,0,3.385425628,0,0,0,0,0,0,0,0,0,0,0,0,0,0,0,0,3.656692185,1.867644965,13.75156634,0,11.85611453,3.037232591,5.9380778,14.64327866,0,0,0,0,0,0,0,0,0.937829556,0,0,0,0,0,0,0,0,0,0,0,0,0,0,0,0,0,0,0,0,0,0,0
ZJ_WZ_contig_13756059_6,prsA,High_confidence,Pentose_phosphate_pathway,0,0,0,0,0,0,0,0,0,0,0,0,0,0,0,0,0,0,0,0,0,0,0,0,0,0,0,0,0,0,0,0,0,0,0,0,0,0,0.663534612,0,0,0,0,0,0,0,0,0,0,0,0,0,0,0,0,0,5.056804358,7.407726528,0,0,4.519934171,14.22188192,1.720863916,10.5554522,0,0,0,0,0,0,0,0,0,0,0,0,0,0,0,0,0,0,0,0,0,0,0,0,0,0,0,0,0,0,0,0
ZJ_WZ_contig_4854004_20,prsA,High_confidence,Pentose_phosphate_pathway,0,0,0,0,0,0,0,0,2.755885679,0,0.871378427,0,0,0,0,0,0,0,0,0,0,0,0,0,1.050844182,1.611263738,0,0.989137329,0,0.842871584,11.84445354,0,0,0,4.166459259,9.295000276,0,3.16025434,4.107168799,2.254539243,0,0,0,0,0,0,0,0,0.48280438,0,0,0,0,4.827444326,0,0,3.445962847,0.916743412,7.437004239,4.343985047,23.84832149,7.246670361,2.150778527,33.21506213,0.884445599,2.818899753,0,0,0,2.593348541,0,0,0.866163383,0,0,0.750921678,0,0,0.850384851,2.87446241,0.123965716,2.312478992,0.641377656,0,0,3.720508098,1.621701598,0,1.380508581,6.594273061,8.678880134,1.485121215,14.36372255,10.61102703,14.25364636,5.418839267
ZJ_WZ_contig_9366902_20,prsA,High_confidence,Pentose_phosphate_pathway,0,0,0,0,0,0,0,0,0,0,0,0,0,0,0,0,0,0,0,0,0,0,0,0,0,0,0,0,0,0,0,0,0,0,0,0,0,0,0,0,0,0,0,0,0,0,0,0,0,0,0.616066792,0,0,0,0,0,26.09426654,23.06750584,12.09588517,0,12.47383404,32.11918522,5.972520656,0,0,0,0,0,0,0,0,0,0,7.672867438,0,0,0,3.927457269,0,0,0,0,0,0,0,0,0,0,0,0,0,0,0,0,0,0
GD_ST_contig_11052085_44,phoH,Low_confidence,Phosphate_starvation_induction,0,0,1.942429252,0,0,0,0,0,0,0,0,0,0,0,0,0,0,0,0,0,0,0,0,0,0.211388397,0,0,0,0,0,0,0,0,0,0,0,0,0,0,0,0,0,0,0,0,0,0,0,16.04800669,0,17.22465418,0,18.88803281,4.719371703,3.925179167,3.465570333,0,0,0,0,0,0,0,0,44.30470693,12.30984613,4.073252406,21.33207342,7.584677724,63.73979139,7.302018845,55.58213939,0,0,0,0,0,0,0,0,0,0,0,0.283558768,0,0,0,3.159806309,0,0,0,0,0,0,0,0
GD_ZH_contig_12935405_2,phoH,Low_confidence,Phosphate_starvation_induction,0,0,0,0,0,0,0,0,0,0,0,0,0,0,0,0,0,0,0,0,0,0,0,0,0,0,0,0,0,0,0,0,1.101001523,0,1.077995137,0,0,0,5.09594582,0,0,0,0,0,0,0,0,0,0,0,3.440425035,2.928155783,0,0,0,0,0,0,2.1053611,0,0,4.381369544,2.142522593,0,0,0,0,0,0,0,0,0,0,0,0,0,0,0,0,2.530596479,10.55116768,24.67639928,9.2778194,5.224753891,28.88469446,6.619021257,6.240307795,31.15340492,0,0,0,0,0,0,0,0
HN_SY_contig_27406547_6,phoH,Low_confidence,Phosphate_starvation_induction,0,0,0,0,0,0,0,0,0,0,0,0,0,0,0,0,0,0,0,0,0,0,0,0,0,0,0,0,0,0,0,0,0,0,0,0,0,0,0,0,0,29.3848211,3.972900386,6.909301476,3.734232584,5.331506775,0,12.48675044,0,0,0,0,0,0,0,0,0,0,0,0,0,0,0,0,0,0,0,0,0,0,0,0,0,0,0,0,0,0,0,0,0,0,0,0,0,0,0,0,0,0,0,0,0,0,0,0
LN_DD_contig_20087383_1,phoH,Low_confidence,Phosphate_starvation_induction,0,0,0,0,0,0,0,0,18.31123466,0,6.443089933,3.946782789,4.335329794,4.848535913,3.073177215,1.263737219,0,0,0,0,0,0,0,0,0,0,0,0,0,0,0,0,0,0,0,0,0,0,0,0,0,0,0,0,0,0,0,0,0,0,0,0,0,0,0,0,0,0,0,0,0,0,0,0,0,0,0,0,0,0,0,0,0,0,0,0,0,0,0,0,0,0,0,0,0,0,0,0,0,0,0,0,0,0,0,0
LN_DD_contig_9156332_8,phoH,Low_confidence,Phosphate_starvation_induction,0,0,0,0,0,0,0,0,0,1.041339994,0,7.712288581,0,0,8.257316744,23.60055814,0,0,0,0,0,0,0,0,0,0,0,0,0,0,0,0,0,0,0,0,0,0,0,0,0,0,0,0,0,0,0,0,0,0,0,0,0,0,0,0,0,0,0,0,0,0,0,0,0,0,0,0,0,0,0,0,0,0,0,0,0,0,0,0,0,0,0,0,0,0,0,0,0,0,0,0,0,0,0,0
SD_QD_contig_18428841_1,phoH,Low_confidence,Phosphate_starvation_induction,0,0,0,0,0,0,0,0,0,0,0,0,0,0,0,0,0,0,0,0,0,0,0,0,2.094131879,7.271035447,3.711354144,0,0,0.472682036,17.18100804,0,0,0,0,0,0,0,0,0,0,0,0,0,0,0,0,0,0,0,0,0,0,0,0,0,0,0,0,0,0,0,0,0,0,0,0,0,0,0,0,0,0,10.50294872,2.991432652,0,0,0,0,0,0,0,0,0,0,0,0,0,3.818253653,12.85328912,3.544628215,2.277382709,1.14690648,0,0,4.685293401
ZJ_NB_contig_15029503||full_5,phoH,Low_confidence,Phosphate_starvation_induction,0,0,0,0,0,0,0,0,0,0,0,0,0,0,0,0,0,0,0,0,0,0,0,0,0,0,0,0,0,0,0,0,1.415935314,3.959408311,2.864203911,8.32163677,0,9.333379071,11.65246868,6.57643228,0,0,0,0,0,0,0,0,0,0,0,0,0,0,0,0,8.058946192,0,0,0,0,1.045568962,0,2.640152148,0,0,0,0,0,0,0,0,0,0,0,0,0,0,0,0,0,0,0,0,0,0,0,0,0,0,0,0,0,0,0,0
ZJ_NB_contig_19913192||full_20,phoH,Low_confidence,Phosphate_starvation_induction,0,0,0,0,0,0,0,0,1.97870716,0,0,0,0,0,0,0,0,0,0,0,0,0,0,0,0,0,0,0,0,0,0,0,19.89761788,5.246931397,14.98918123,19.5244009,18.63215777,9.969899758,8.235824013,22.82071781,0,0,0,0,0,0,0,0,0,0,0,0,0,0,0,0,8.249863426,1.101760663,4.038849861,0,5.481806348,1.771709621,2.432713617,0,0,0,0,0,0,0,2.721237716,0,0,0,0,0.32714639,0,2.938082747,0,2.003794215,0,0,0,0,0,0,0,0,0,0,0,0,0,0,2.09938416,0
ZJ_NB_contig_7455751_2,phoH,Low_confidence,Phosphate_starvation_induction,0,0,0,0,0,0,0,0,0,0,0,0,0,0,0,0,0,0,0,0,0,0,0,0,0,27.41311139,0,0,0,0,0,0,20.20851816,19.88296744,19.32068491,0,7.870869129,20.47130587,50.63816776,7.640717563,0,0,0,0,0,0,0,0,0,0,0,0,0,0,0,0,7.402979353,31.222649,22.58722571,7.440541805,5.109490802,29.07988636,6.112358171,5.786542794,16.48580567,0,0,0,0,0,0,0,0,23.77634993,0,5.415894183,0,0,7.382622129,0,0,0,0,0,0,0,0,0,0,0,0,0,0,0,0,14.86662022
ZJ_WZ_contig_14744321_7,phoH,Low_confidence,Phosphate_starvation_induction,0,0,0,0,0,0,0,0,0,0,0,0,0,0,0,0,0,0,0,0,0,0,0,0,0,0,0,0,0,0,0,0,0,0,0,0,0,0,0,0,0,0,0,0,0,0,0,0,7.207039404,0,0,0,0,0,0,0,18.8210774,5.497086912,5.042270151,15.10514126,10.1046734,8.163863063,6.133811683,27.24240049,0.276881511,0,0,0,3.046255572,0,0,0,0,0,0,0,0,0,0,0,0,0,0,0,0,0,0,0,0,0,0,0,0,0,0,0
FJ_XM_contig_16654606_47,phoH,High_confidence,Phosphate_starvation_induction,0,0,0,0,0,0,0,0,0,0,0,0,0,0,0,0,0,0,0,0,0,0,0,0,0,0,0,0,0,0,0,0,0,0,0,0,0,0,0,0,0,0,0,0,0,0,0,0,0,0,0,0,0,0,0,0,0,0,0,0,0,0,0,0,0,0,0,8.098658336,99.60635448,0,5.557657415,0,0,0,0,0,0,0,0,0,0,0,0,0,0,0,0,0,0,0,0,0,0,0,0,0
FJ_XM_contig_18619704_17,phoH,High_confidence,Phosphate_starvation_induction,0,2.30648533,0,0,0,0,0,0,0,2.717719576,3.924157503,0.146356456,0.703226308,0,0,1.119407259,0,0,0,0,0,0,0,0,35.96082053,23.32902407,39.53601558,28.56226783,80.21984706,33.21665479,62.49861238,43.40240037,0,0,0,0,0,0,0,0,0,0,0,0,0,0,0,0,1.256326082,0.060326269,0,1.335317297,0,0,0,0,1.289719237,4.159611872,4.082442253,3.480976484,8.061414877,9.21152122,4.821836167,1.129778152,7.519080807,10.33419835,15.21027908,23.44384213,7.095019684,23.86207167,4.714109653,22.87182614,17.7811761,0,10.23384913,0,0,0,4.4654761,0.82928686,0,0,0,0,0,0,0,0,0,10.94713712,0,1.586491357,6.685625861,0,0,0
FJ_XM_contig_22744443_46,phoH,High_confidence,Phosphate_starvation_induction,0,0,0,0,0,0,0,0,0,0,0,0,0,0,0,0,0,0,0,0,0,0,0,0,0,0,0,0,0,0,0,0,0,0,0,0,0,0,0,0,0,0,0,0,0,0,0,0,0,0,0,0,0,0,0,0,0,0,0,0,0,0,0,0,16.18535374,18.83985758,6.080986307,0.556431185,13.30779215,28.56637366,15.46370361,7.35546779,0,0,0,0,0,0,0,0,0,0,0,0,0,0,0,0,0,0,0,0,0,0,0,0
FJ_XM_contig_33356863_3,phoH,High_confidence,Phosphate_starvation_induction,0,0,0,0,0,0,0,0,0,0,0,0,0,0,0,0,0,0,0,0,0,0,0,0,0,0,0,0,0,0,0,0,0,0,0,0,0,0,0,0,0,0,0,0,0,0,0,0,0,0,0,0,0,0,0,0,0,0,0,0,0,0,0,0,0,6.903964776,2.83714551,0,0,3.221801454,12.12949229,14.36516224,0,0,0,0,0,0,0,0,0,0,0,0,0,0,0,0,0,0,0,0,0,0,0,0
FJ_XM_contig_9196250_4,phoH,High_confidence,Phosphate_starvation_induction,0,0,0,0,0,0,0,0,0,0,0,0,0,0,0,0,0,0,0,0,0,0,0,0,0,0,0,0,0,0,0,0,0,0,0,0,0,0,0,0,0,0,0,0,0,0,0,0,0,0,0,0,0,0,0,0,0,0,0,0,0,0,0,0,6.921431252,1.087345525,0,5.82220376,0,31.11235539,11.53476015,4.871296068,0,0,0,0,0,0,0,0,0,0,0,0,0,0,0,0,0,0,0,0,0,0,0,0
GX_BH_contig_7966449_33,phoH,High_confidence,Phosphate_starvation_induction,4.234908464,14.03883324,3.343643274,14.37211955,10.22479167,18.80302198,14.94716923,15.06521241,0,0,0,0,0,0,0,0,0,0,0,0,0,0,0,0,0,0,0,0,0,0,0,0,0,0,0,0,0,0,0,0,0,0,0,0,0,0,0,0,0,0,0,0,0,0,0,0,0,0,0,0,0,0,0,0,0,0,0,0,0,0,0,0,0,0,0,0,0,0,0,0,0,0,0,0,0,0,0,0,0,0,0,0,0,0,0,0
HN_SY_contig_29751101_8,phoH,High_confidence,Phosphate_starvation_induction,0,0,0,0,0,0,0,0,0,0,0,0,0,0,0,0,0,0,0,0,0,0,0,0,0,0,0,0,0,0,0,0,0,0,0,0,0,0,0,0,0,0,0,13.12052844,1.44559703,14.62396712,0.724713356,6.136346187,0,0,0,0,0,0,0,0,0,0,0,0,0,0,0,0,0,0,0,0,0,0,0,0,0,0,0,0,0,0,0,0,0,0,0,0,0,0,0,0,0,0,0,0,0,0,0,0
HN_SY_contig_6553498_18,phoH,High_confidence,Phosphate_starvation_induction,0,0,1.955124822,0,0,0,6.728185575,0,0,0,0,0,0,0,0,0,0,0,0,0,0,0,0,0,0,0,0,0,0,0,0,0,0,0,0,0,0,0,0,0,0,0.844108208,12.03746192,1.211726271,73.99060407,8.814102037,0,51.78238483,0,0,0,0,0,0,0,0,0,0,0,0,0,0,0,0,0,0,0,0,0,0,0,0,0,0,0,0,0,0,0,0,0,0,0,0,0,0,0,0,0,0,0,0,0,0,0,0
JS_LYG_contig_11008774_15,phoH,High_confidence,Phosphate_starvation_induction,0,0,0,0,0,0,0,0,0,0,0,0,0,0,0,0,0,0,0,0,0,0,0,0,28.07766325,0,0,0,1.342776501,0,0,0,0,0,0,0,0,0,0,0,0,0,0,0,0,0,0,0,0,0,0,0,0,0,0,0,0,0,0,0,0,0,0,0,0,0,0,0,0,0,0,0,0,0,0,0,0,0,0,0,0,0,0,0,0,0,0,0,29.90611825,0,0,0,4.79279306,4.635343146,0,5.794170177
JS_LYG_contig_15240458_1_16,phoH,High_confidence,Phosphate_starvation_induction,0,0,0,0,0,0,0,0,0,0,0,0,0,0,0,0,0,0,0,0,0,0,0,0,0,1.555973196,21.61328969,0,0,53.06138351,0,0,0,0,0,0,0,0,0,0,0,0,0,0,0,0,0,0,0,0,0,0,0,0,0,0,0,0,0,0,0,0,0,0,0,0,0,0,0,0,0,0,0,0,0,0,0,0,0,0,0,0,0,0,0,0,0,0,0,0,0,0,0,0,0,0
JS_LYG_contig_23192937_14,phoH,High_confidence,Phosphate_starvation_induction,0,0,0,0,0,0,0,0,0,0,0,0,0,0,0,0,0,0,0,0,0,0,0,0,11.88358182,31.38045564,7.016008247,4.358089601,0,1.354888798,0,0,0,0,0,0,0,0,0,0,0,0,0,0,0,0,0,0,0,0,0,0,0,0,0,0,0,0,0,0,0,0,0,0,0,0,0,0,0,0,0,0,0,0,0,0,0,0,0,0,0,0,0,0,0,0,0,0,0,0,0,0,0,0,0,0
JS_YC_contig_13364454_42,phoH,High_confidence,Phosphate_starvation_induction,0,0,0,0,0,0,0,0,0,0,0,0,0,0,0,0,0,0,0,0,0,0,0,0,0,0,0,0,0,0,0,0,0,0,0,0,0,0,0,0,0,0,0,0,0,0,0,0,0,0,0,0,0,0,0,0,0,0,0,0,0,0,0,0,0,0,0,0,0,0,0,0,22.72752968,18.55308881,0,22.45871858,3.826478526,20.64597947,24.14302542,28.24619462,0,0,0,0,0,0,0,0,0,0,0,0,0,0,0,0
JS_YC_contig_9094437_4,phoH,High_confidence,Phosphate_starvation_induction,0,0,0,0,0,0,0,0,0,0,0,0,0,0,0,0,0,0,0,0,0,0,0,0,0,0,0,0,0,0,0,0,0,0,0,0,0,0,0,0,0,0,0,0,0,0,0,0,0,0,0,0,0,0,0,0,0,0,0,0,0,0,0,0,0,0,0,0,0,0,0,0,3.729654289,6.849972756,0,0,0,10.93003125,0,10.45428824,0,0,0,0,0,0,0,0,0,0,0,0,0,0,0,0
SD_DY_contig_1079555||full_3,phoH,High_confidence,Phosphate_starvation_induction,0,0,0,0,0,0,0,0,0,0,0,0,0,0,0,0,0,0,14.77561967,0,10.29377861,19.95883154,3.554681024,3.861240533,0,0,0,0,0,0,0,0,0,0,0,0,0,0,0,0,0,0,0,0,0,0,0,0,0,0,0,0,0,0,0,0,0,0,0,0,0,0,0,0,0,0,0,0,0,0,0,0,0,0,0,0,0,0,0,0,0,0,0,0,0,0,0,0,0,0,0,0,0,0,0,0
SD_DY_contig_2244011_27,phoH,High_confidence,Phosphate_starvation_induction,0,0,0,0,0,0,0,0,0,0,0,0,0,0,0,0,0,6.562996009,18.72633871,6.426696364,34.30547603,9.356132784,15.3012907,0,0,0,0,0,0,0,0,0,0,0,0,0,0,0,0,0,0,0,0,0,0,0,0,0,0,0,0,0,0,0,0,0,0,0,0,0,0,0,0,0,0,0,0,0,0,0,0,0,0,0,0,0,0,0,0,0,0,0,0,0,0,0,0,0,0,0,0,0,0,0,0,0
SD_DY_contig_8217764_28,phoH,High_confidence,Phosphate_starvation_induction,0,0,0,0,0,0,0,0,0,0,0,0,0,0,0,0,7.758549914,0,56.05653567,17.55073715,53.51254632,33.1130443,49.15357711,44.21439808,0,0,0,0,0,0,0,0,0,0,0,0,0,0,0,0,0,0,0,0,0,0,0,0,0,0,0,0,0,0,0,0,0,0,0,0,0,0,0,0,0,0,0,0,0,0,0,0,0,0,0,0,0,0,0,0,0,0,0,0,0,0,0,0,0,0,0,0,0,0,0,0
SD_QD_contig_19075331_3,phoH,High_confidence,Phosphate_starvation_induction,0,0,0.426609697,0,0,0,0,0,0,0.805836379,0,0,0,0,0,0,0,0,0,0,0,0,0,0,1.684979985,0,0,0,0,0,0,0,0,0,0,0,0,0,0,0,0,0,0,0,0,0,0,0,0,0,0,0,0,0,0,0,4.401622554,2.990654857,0,0,2.005062142,0,4.375640009,0,0,0,0,0,0,0,1.806791609,2.862201692,0,1.884908256,0,0,0,0,0,0,0,0,0,0,0,0,0,0,22.34265589,9.279797526,2.258162035,3.108949495,0.696731897,7.268270173,4.33632242,13.6302217
SD_QD_contig_24687217_3,phoH,High_confidence,Phosphate_starvation_induction,0,0,0,0,0,0,0,0,0,0,0,0,0,0,0,0,0,0,0,0,0,0,0,0,0,0,16.10571329,1.074995431,8.978830377,0,7.375835369,8.497147992,0,0,0,0,0,0,0,0,0,0,0,0,0,0,0,0,0,0,0,0,0,0,0,0,0,0,0,0,0,0,0,0,0,0,0,9.249399761,0.117067668,9.889694318,0,1.576262876,0,0,0,0,0,0,0,0,0,0,0,0,0,0,0,0,0,7.144409756,5.023054726,2.719436624,5.198645228,10.02289781,2.688114204,8.241915923
SD_QD_contig_4154517_54,phoH,High_confidence,Phosphate_starvation_induction,0,0,0,0,0,0,0,0,0,0,0,0,0,0,0,0,0,0,0,0,0,0,0,0,0,0,0,0,0,0,0,0,0,0,0,0,0,0,0,0,0,0,0,0,0,0,0,0,0,0,0,0,0,0,0,0,0,0,0,0,0,0,0,0,0,0,0,0,0,0,0,0,0,0,0,0,0,0,0,0,0,0,0,0,0,0,0,0,11.99765184,34.3776791,6.309868013,25.1149103,30.33224529,11.34461666,4.381943978,8.280338954
ZJ_NB_contig_10389380_7,phoH,High_confidence,Phosphate_starvation_induction,0,0,0,0,0,0,0,0,0,0,0,0,0,0,0,0,0,0,0,0,0,0,0,0,0,0,0,0,0,0,0,0,9.404108333,4.796315919,14.33650781,12.80644466,20.47888357,7.781114826,4.067024443,0,0,0,0,0,0,0,0,0,0,0,0,0,0,0,0,0,0,0,0,0,0,0,0,0,0,0,0,0,0,0,0,0,0,0,0,0,0,0,0,0,0,0,0,0,0,0,0,0,0,0,0,0,0,0,0,0
ZJ_NB_contig_15581104||full_3,phoH,High_confidence,Phosphate_starvation_induction,0,0,0,0,0,0,0,0,0,0,0,0,0,0,0,0,0,0,0,0,0,0,0,0,0,0,0,0,0,0,0,0,6.872951597,3.622623879,0,0.96715571,6.890528306,6.998214426,6.814800374,4.908506424,0,0,0,0,0,0,0,0,0,0,0,0,0,0,0,0,1.445384039,1.537179315,0,0,0,0.961062327,0,0,0,0,0,0,0,0,0,0,0,0,0,0,0,0,0,0,0,0,0.905064805,0,0,0,0,0,0,0,0,0,0,0,0,0
ZJ_NB_contig_24514029_9,phoH,High_confidence,Phosphate_starvation_induction,0,0,0,0,0,0,0,0,0,0,0,0,0,0,0,0,0,0,0,0,0,0,0,0,0,0,0,0,0,0,0,0,1.570864601,12.61202617,2.639616497,18.02073755,6.674450523,3.473649181,8.198798688,39.18166737,0,0,0,0,0,0,0,0,0,0,0,0,0,0,0,0,17.89139659,13.77909267,8.885251004,1.01653629,6.174265671,19.00396115,4.146595136,6.110192035,0,0,0,0,0,0,0,0,0,0,0,0,0,0,0,0,0,0,0,0,0,0,0,0,0,0,0,0,0,0,0,0
ZJ_NB_contig_28073254||full_15,phoH,High_confidence,Phosphate_starvation_induction,0,0,0,0,0,0,0,0,0,0,0,0,0,0,0,0,0,0,0,0,0,0,0,0,0,0,0,0,0,0,0,0,7.085079438,1.938029106,0,1.85503637,6.98967239,8.29417961,4.733824111,11.42109898,0,0,0,0,0,0,0,0,0,0,7.304839089,0,0,0,0,0,11.65632292,10.91063132,12.83486914,14.2928689,3.582761115,11.0263819,11.2795419,9.067185958,0,0,0,4.381523489,0,0,0,0,0,0,0,0,0,0,0,0,0,0,0,0,0,0,0,0,0,0,0,0,0,0,0,0
ZJ_NB_contig_6834576_27,phoH,High_confidence,Phosphate_starvation_induction,0,0,0,0,0,0,0,0,0,0,0,0,0,0,0,0,0,0,0,0,0,0,0,0,0,0,0,0,0,0,0,0,0,2.041686366,19.46016163,1.352000101,2.263020822,5.916219686,27.97421544,20.14468179,0,0,0,0,0,0,0,0,0,0,0,0,0,0,0,0,4.176667177,7.814685326,57.63132893,12.8963086,45.29180934,0,17.14309843,103.6399665,0,0,0,0,0,0,0,0,0,0,2.02894344,0,0,0,0,0,0,0,0,0,0,0,0,0,3.618013599,0,0,0,4.767719277,1.956970544,0,0
ZJ_NB_contig_7776553||full_1_27,phoH,High_confidence,Phosphate_starvation_induction,0,0,0,0,0,0,0,0,0,0,0,0,0,0,0,0,0,0,0,0,0,0,0,0,0,0,0,0,0,0,0,0,10.60171942,10.58993799,2.966618902,4.464498983,8.127448807,14.42836007,29.21993951,30.19532587,0,0,0,0,0,0,0,0,0,0,0,0,0,0,0,0,0,5.926849343,3.424831675,0,1.980971506,0.831393757,0,0,0,0,0,0,0,0,0,0,0,0,0,0,0,0,1.246931402,0,0,0,0,0,0,0,0,0,0,0,0,0,0,0,0,0
ZJ_WZ_contig_11369905_4,phoH,High_confidence,Phosphate_starvation_induction,0,0,0,0,0,0,0,0,0,0,0,0,0,0,0,0,0,0,0,0,0,0,0,0,0,0,0,0,0,0,0,0,0,0,0,0.415677038,0,5.481036901,9.008125777,3.255366829,0,0,0,0,0,0,0,0,3.392576599,0,0,0,4.446194346,0,0,0,1.116754515,0.438052518,13.99767638,3.2155844,12.66574362,5.067406229,5.993401224,4.190668246,0,0,0,0,0,0,0,0,0,0,0,0,2.765886555,0,3.250752376,0,4.852680044,11.0046011,0,0,10.07187321,3.170323267,0,3.8744898,0,0.60655276,0,0,0,0,0,0
ZJ_WZ_contig_13093180_9,phoH,High_confidence,Phosphate_starvation_induction,0,0,0,0,0,0,0,0,0,0,0,0,0,0,0,0,0,0,0,0,0,0,0,0,0,0,0,0,0,0,0,0,6.818498449,0,0,0,0,5.712005233,21.88064957,14.71236389,0,0,0,0,0,0,0,0,0,0,3.799652389,0,0,0,0,0,5.279479417,9.227760416,0,0.51350973,0,8.843999923,5.160570494,3.103063951,0,0,0,0,0,0,0,0,0,0,0,0,0,0,0,0,0,0,0,0,0,0,0,0,0,0,0,0,0,0,0,0
ZJ_WZ_contig_16170747||full_1_21,phoH,High_confidence,Phosphate_starvation_induction,0,0,0,0,0,0,0,0,2.676983088,0,1.292835474,0,1.825838765,0,0,0,0,0,0,0,0,0,0,0,0,0,0,0,0,0,0,0,0,0,0,0,1.345129267,3.942825173,0,2.834171883,0,0,0,1.221982133,0,4.229204327,0,0,0,0,0,0,0,0,0,0,5.592613508,3.091231693,4.766700919,10.92408388,8.63287693,10.64924195,5.068685463,5.994737017,0,0,0,0,0,0,0,0,0,0,5.857562114,3.342353222,0,0,0,0,0,0,0,0,0,0,0,0,1.225571306,2.600280911,0,1.117014253,0.152639487,1.070685867,0,0
ZJ_WZ_contig_17272489_16,phoH,High_confidence,Phosphate_starvation_induction,0,0,0,0,0,0,0,0,0,0,0,0,0,0,0,0,0,0,0,0,0,0,0,0,0,0,0,0,0,0,0,0,0,0,0,0,0,0,3.322623727,0,0,0,0,0,0,0,0,0,1.638529968,0,0,0,0,0,0,0,13.28792244,27.43596143,9.100395186,0,0,19.40887434,0,5.504440133,0,0,0,0,0,0,0,0,0,0,0,0,0,0,0,0,0,0,0,0,0,0,0,0,0,0,0,0,0,0,0,0
ZJ_WZ_contig_22027374_8,phoH,High_confidence,Phosphate_starvation_induction,0,0,0,0,0,0,0,0,0,0,0,0,0.459103506,0,0,0,0,0,0,0,0,0,0,0,0,0,0,0,0,0,0,0,0,0,0.331563289,3.045681884,0,0,0,0,0,0,0,0,0,0,0,0,3.009657454,0,0,0,0,0,0,0,6.860317733,0,9.351346075,0,3.836185319,14.12813612,6.896813328,1.140702251,0,0,0,0,6.430191442,0,0,0,0,0,0,0,0,0,0,0,0,2.711134297,0,0,0,0,0,0,2.892071441,0,0,0,0,0,0,0
ZJ_WZ_contig_3796001||full_15,phoH,High_confidence,Phosphate_starvation_induction,0,0,0,0,0,0,0,0,0,0,0,0,0,0,0,0,0,0,0,0,0,0,0,0,0,0,0,0,0,0,0,0,0,3.366428479,2.514354857,3.952906332,17.42433924,0,0,0,0,0,0,0,0,0,0,0,0,0,0,0,0,0,0,0,0,2.851105573,0,10.31076785,2.531882552,11.06598386,2.950157799,0,0,0,0,0,0,0,0,0,0,0,0,0,0,0,0,0,0,0,0,0,0,0,0,0,0,0,0,0,0,0,0,0
ZJ_WZ_contig_5896328_18,phoH,High_confidence,Phosphate_starvation_induction,0,0,0,0,0,0,0,0,0,0,0,0,0,0,0,0,0,0,0,0,0,0,0,0,0,0,0,0,0,0,0,0,7.210537898,14.73002803,6.354963326,3.288688586,0,1.412480124,7.580064443,11.99773251,0,0,0,0,0,0,0,0,0,0,0,0,0,0,0,0,9.401176233,9.799609281,0,2.011078687,7.562765803,4.582668999,5.441402305,25.6379807,0,0,0,0,0,0,0,0,0,0,0,0,0,0,0,0,0,0,0,0,0,0,0,0,0,0,0,0,0,0,0,0
ZJ_WZ_contig_9375376_2,phoH,High_confidence,Phosphate_starvation_induction,0,0,0,0,0,0,0,0,0,0,0,0,0,0,0,0,0,0,0,0,0,0,0,0,0,0,0,0,0,0,0,0,9.09451599,0,6.032450897,0,2.389384221,9.27396653,0,10.98718221,0,0,0,0,0,0,0,0,1.341428443,0,0,0,0,0,0,0,5.987992558,4.228090394,0,1.337416776,2.449111543,9.368874909,7.09258633,4.274035966,0,0,0,0,0,1.324756922,0,2.738224569,0,0,0,0,0,0,0,0,0,0,0,0,0,0,0,0,0,0,0,0,0,0,0,0
LN_DD_contig_19607178||full_13,pstS,High_confidence,Phosphate_transport_system,0,0,0,0,0,0,0,0,8.595222285,5.63833837,3.240795602,21.85451649,17.43044589,4.039500407,10.82596009,10.22870537,0,0,0,0,0,0,0,0,0,0,0,0,0,0,0,0,0,0,0,0,0,0,0,0,0,0,0,0,0,0,0,0,0,0,0,0,0,0,0,0,0,0,0,0,0,0,0,0,0,0,0,0,0,0,0,0,0,0,0,0,0,0,0,0,0,0,0,0,0,0,0,0,0,0,0,0,0,0,0,0
ZJ_NB_contig_12008308_69,pstS,High_confidence,Phosphate_transport_system,0,0,0,0,0,0,0,0,0,0,0,0,0,0,0,0,0,0,0,0,1.982684921,0,0,0,0,0,0,0,0,0,0,0,49.2204223,18.96726371,64.65110333,84.72567497,69.81793577,52.49388163,89.31293219,64.32591564,0,0,0,0,0,0,0,0,0,0,0,0,0,0,0,0,0,4.230408991,0.758045939,0,1.134785697,3.01731156,1.420866999,7.268509447,0,0,0,0,0,0,0,0,0,0,0,0,0,0,0,0,0,0,0,0,0,0,0,0,0,0,0,0,0,0,0,0
ZJ_NB_contig_228772||full_2,pstB,High_confidence,Phosphate_transport_system,0,0,0,0,0,0,0,0,0,0,0,0,0,0,0,0,0,0,0,0,0,0,0,0,0,0,0,0,0,0,0,0,4.77331848,7.353218826,3.492043751,3.888008268,11.37045071,0.899561012,2.399472281,2.916536204,0,0,0,0,0,0,0,0,0,0,0,0,0,0,0,0,6.086315786,6.496472706,5.541509833,0,0,0,1.866517416,7.464152379,0,0,0,0.105655776,0,0,0,0,0,0,0,0,0,0,0,0,0,0,0,0,0,0,0,0,0,0,0,0,0,0,0,0
FJ_XM_contig_27440023||full_1,sqr,Low_confidence,Sulphur_oxidation,0,0,0,0,0,0,0,0,0,0,0,0,0,0,0,0,0,0,0,0,0,0,0,0,0,0,0,0,0,0,0,0,0,0,0,0,0,0,0,0,0,0,0,0,0,0,0,0,0,0,0,0,0,0,0,0,0,0,0,0,0,0,0,0,0,0,0,16.57365193,0,7.561629113,33.62909535,0,0,0,0,0,0,0,0,0,0,0,0,0,0,0,0,0,0,0,0,0,0,0,0,0
